Fitter report for vga_pong
Thu May 07 18:17:22 2026
Quartus II 64-Bit Version 13.0.1 Build 232 06/12/2013 Service Pack 1 SJ Web Edition


---------------------
; Table of Contents ;
---------------------
  1. Legal Notice
  2. Fitter Summary
  3. Fitter Settings
  4. Parallel Compilation
  5. Incremental Compilation Preservation Summary
  6. Incremental Compilation Partition Settings
  7. Incremental Compilation Placement Preservation
  8. Pin-Out File
  9. Fitter Resource Usage Summary
 10. Fitter Partition Statistics
 11. Input Pins
 12. Output Pins
 13. I/O Bank Usage
 14. All Package Pins
 15. Output Pin Default Load For Reported TCO
 16. Fitter Resource Utilization by Entity
 17. Delay Chain Summary
 18. Pad To Core Delay Chain Fanout
 19. Control Signals
 20. Global & Other Fast Signals
 21. Non-Global High Fan-Out Signals
 22. Other Routing Usage Summary
 23. LAB Logic Elements
 24. LAB-wide Signals
 25. LAB Signals Sourced
 26. LAB Signals Sourced Out
 27. LAB Distinct Inputs
 28. Fitter Device Options
 29. Operating Settings and Conditions
 30. Fitter Messages
 31. Fitter Suppressed Messages



----------------
; Legal Notice ;
----------------
Copyright (C) 1991-2013 Altera Corporation
Your use of Altera Corporation's design tools, logic functions 
and other software and tools, and its AMPP partner logic 
functions, and any output files from any of the foregoing 
(including device programming or simulation files), and any 
associated documentation or information are expressly subject 
to the terms and conditions of the Altera Program License 
Subscription Agreement, Altera MegaCore Function License 
Agreement, or other applicable license agreement, including, 
without limitation, that your use is for the sole purpose of 
programming logic devices manufactured by Altera and sold by 
Altera or its authorized distributors.  Please refer to the 
applicable agreement for further details.



+--------------------------------------------------------------------------------------+
; Fitter Summary                                                                       ;
+------------------------------------+-------------------------------------------------+
; Fitter Status                      ; Successful - Thu May 07 18:17:22 2026           ;
; Quartus II 64-Bit Version          ; 13.0.1 Build 232 06/12/2013 SP 1 SJ Web Edition ;
; Revision Name                      ; vga_pong                                        ;
; Top-level Entity Name              ; vga_pong                                        ;
; Family                             ; Cyclone II                                      ;
; Device                             ; EP2C35F672C6                                    ;
; Timing Models                      ; Final                                           ;
; Total logic elements               ; 887 / 33,216 ( 3 % )                            ;
;     Total combinational functions  ; 877 / 33,216 ( 3 % )                            ;
;     Dedicated logic registers      ; 206 / 33,216 ( < 1 % )                          ;
; Total registers                    ; 206                                             ;
; Total pins                         ; 52 / 475 ( 11 % )                               ;
; Total virtual pins                 ; 0                                               ;
; Total memory bits                  ; 0 / 483,840 ( 0 % )                             ;
; Embedded Multiplier 9-bit elements ; 0 / 70 ( 0 % )                                  ;
; Total PLLs                         ; 0 / 4 ( 0 % )                                   ;
+------------------------------------+-------------------------------------------------+


+----------------------------------------------------------------------------------------------------------------------------------------------+
; Fitter Settings                                                                                                                              ;
+----------------------------------------------------------------------------+--------------------------------+--------------------------------+
; Option                                                                     ; Setting                        ; Default Value                  ;
+----------------------------------------------------------------------------+--------------------------------+--------------------------------+
; Device                                                                     ; EP2C35F672C6                   ;                                ;
; Minimum Core Junction Temperature                                          ; 0                              ;                                ;
; Maximum Core Junction Temperature                                          ; 85                             ;                                ;
; Fit Attempts to Skip                                                       ; 0                              ; 0.0                            ;
; Device I/O Standard                                                        ; 3.3-V LVTTL                    ;                                ;
; Use smart compilation                                                      ; Off                            ; Off                            ;
; Enable parallel Assembler and TimeQuest Timing Analyzer during compilation ; On                             ; On                             ;
; Enable compact report table                                                ; Off                            ; Off                            ;
; Auto Merge PLLs                                                            ; On                             ; On                             ;
; Ignore PLL Mode When Merging PLLs                                          ; Off                            ; Off                            ;
; Router Timing Optimization Level                                           ; Normal                         ; Normal                         ;
; Placement Effort Multiplier                                                ; 1.0                            ; 1.0                            ;
; Router Effort Multiplier                                                   ; 1.0                            ; 1.0                            ;
; Always Enable Input Buffers                                                ; Off                            ; Off                            ;
; Optimize Hold Timing                                                       ; IO Paths and Minimum TPD Paths ; IO Paths and Minimum TPD Paths ;
; Optimize Multi-Corner Timing                                               ; On                             ; On                             ;
; PowerPlay Power Optimization                                               ; Normal compilation             ; Normal compilation             ;
; Optimize Timing                                                            ; Normal compilation             ; Normal compilation             ;
; Optimize Timing for ECOs                                                   ; Off                            ; Off                            ;
; Regenerate full fit report during ECO compiles                             ; Off                            ; Off                            ;
; Optimize IOC Register Placement for Timing                                 ; Normal                         ; Normal                         ;
; Limit to One Fitting Attempt                                               ; Off                            ; Off                            ;
; Final Placement Optimizations                                              ; Automatically                  ; Automatically                  ;
; Fitter Aggressive Routability Optimizations                                ; Automatically                  ; Automatically                  ;
; Fitter Initial Placement Seed                                              ; 1                              ; 1                              ;
; PCI I/O                                                                    ; Off                            ; Off                            ;
; Weak Pull-Up Resistor                                                      ; Off                            ; Off                            ;
; Enable Bus-Hold Circuitry                                                  ; Off                            ; Off                            ;
; Auto Global Memory Control Signals                                         ; Off                            ; Off                            ;
; Auto Packed Registers                                                      ; Auto                           ; Auto                           ;
; Auto Delay Chains                                                          ; On                             ; On                             ;
; Auto Delay Chains for High Fanout Input Pins                               ; Off                            ; Off                            ;
; Perform Physical Synthesis for Combinational Logic for Fitting             ; Off                            ; Off                            ;
; Perform Physical Synthesis for Combinational Logic for Performance         ; Off                            ; Off                            ;
; Perform Register Duplication for Performance                               ; Off                            ; Off                            ;
; Perform Logic to Memory Mapping for Fitting                                ; Off                            ; Off                            ;
; Perform Register Retiming for Performance                                  ; Off                            ; Off                            ;
; Perform Asynchronous Signal Pipelining                                     ; Off                            ; Off                            ;
; Fitter Effort                                                              ; Auto Fit                       ; Auto Fit                       ;
; Physical Synthesis Effort Level                                            ; Normal                         ; Normal                         ;
; Auto Global Clock                                                          ; On                             ; On                             ;
; Auto Global Register Control Signals                                       ; On                             ; On                             ;
; Force Fitter to Avoid Periphery Placement Warnings                         ; Off                            ; Off                            ;
+----------------------------------------------------------------------------+--------------------------------+--------------------------------+


Parallel compilation was disabled, but you have multiple processors available. Enable parallel compilation to reduce compilation time.
+-------------------------------------+
; Parallel Compilation                ;
+----------------------------+--------+
; Processors                 ; Number ;
+----------------------------+--------+
; Number detected on machine ; 16     ;
; Maximum allowed            ; 1      ;
+----------------------------+--------+


+----------------------------------------------+
; Incremental Compilation Preservation Summary ;
+---------------------+------------------------+
; Type                ; Value                  ;
+---------------------+------------------------+
; Placement (by node) ;                        ;
;     -- Requested    ; 0 / 1139 ( 0.00 % )    ;
;     -- Achieved     ; 0 / 1139 ( 0.00 % )    ;
;                     ;                        ;
; Routing (by net)    ;                        ;
;     -- Requested    ; 0 / 0 ( 0.00 % )       ;
;     -- Achieved     ; 0 / 0 ( 0.00 % )       ;
+---------------------+------------------------+


+----------------------------------------------------------------------------------------------------------------------------------------------------------------------------------------+
; Incremental Compilation Partition Settings                                                                                                                                             ;
+--------------------------------+----------------+-------------------+-------------------------+------------------------+------------------------------+--------------------------------+
; Partition Name                 ; Partition Type ; Netlist Type Used ; Preservation Level Used ; Netlist Type Requested ; Preservation Level Requested ; Contents                       ;
+--------------------------------+----------------+-------------------+-------------------------+------------------------+------------------------------+--------------------------------+
; Top                            ; User-created   ; Source File       ; N/A                     ; Source File            ; N/A                          ;                                ;
; hard_block:auto_generated_inst ; Auto-generated ; Source File       ; N/A                     ; Source File            ; N/A                          ; hard_block:auto_generated_inst ;
+--------------------------------+----------------+-------------------+-------------------------+------------------------+------------------------------+--------------------------------+


+------------------------------------------------------------------------------------------------------------+
; Incremental Compilation Placement Preservation                                                             ;
+--------------------------------+---------+-------------------+-------------------------+-------------------+
; Partition Name                 ; # Nodes ; # Preserved Nodes ; Preservation Level Used ; Netlist Type Used ;
+--------------------------------+---------+-------------------+-------------------------+-------------------+
; Top                            ; 1136    ; 0                 ; N/A                     ; Source File       ;
; hard_block:auto_generated_inst ; 3       ; 0                 ; N/A                     ; Source File       ;
+--------------------------------+---------+-------------------+-------------------------+-------------------+


+--------------+
; Pin-Out File ;
+--------------+
The pin-out file can be found in C:/Users/Gold/Documents/VLSI_trainning/Fpga/miniproject/output_files/vga_pong.pin.


+----------------------------------------------------------------------+
; Fitter Resource Usage Summary                                        ;
+---------------------------------------------+------------------------+
; Resource                                    ; Usage                  ;
+---------------------------------------------+------------------------+
; Total logic elements                        ; 887 / 33,216 ( 3 % )   ;
;     -- Combinational with no register       ; 681                    ;
;     -- Register only                        ; 10                     ;
;     -- Combinational with a register        ; 196                    ;
;                                             ;                        ;
; Logic element usage by number of LUT inputs ;                        ;
;     -- 4 input functions                    ; 383                    ;
;     -- 3 input functions                    ; 220                    ;
;     -- <=2 input functions                  ; 274                    ;
;     -- Register only                        ; 10                     ;
;                                             ;                        ;
; Logic elements by mode                      ;                        ;
;     -- normal mode                          ; 555                    ;
;     -- arithmetic mode                      ; 322                    ;
;                                             ;                        ;
; Total registers*                            ; 206 / 34,593 ( < 1 % ) ;
;     -- Dedicated logic registers            ; 206 / 33,216 ( < 1 % ) ;
;     -- I/O registers                        ; 0 / 1,377 ( 0 % )      ;
;                                             ;                        ;
; Total LABs:  partially or completely used   ; 63 / 2,076 ( 3 % )     ;
; Virtual pins                                ; 0                      ;
; I/O pins                                    ; 52 / 475 ( 11 % )      ;
;     -- Clock pins                           ; 8 / 8 ( 100 % )        ;
;                                             ;                        ;
; Global signals                              ; 1                      ;
; M4Ks                                        ; 0 / 105 ( 0 % )        ;
; Total block memory bits                     ; 0 / 483,840 ( 0 % )    ;
; Total block memory implementation bits      ; 0 / 483,840 ( 0 % )    ;
; Embedded Multiplier 9-bit elements          ; 0 / 70 ( 0 % )         ;
; PLLs                                        ; 0 / 4 ( 0 % )          ;
; Global clocks                               ; 1 / 16 ( 6 % )         ;
; JTAGs                                       ; 0 / 1 ( 0 % )          ;
; ASMI blocks                                 ; 0 / 1 ( 0 % )          ;
; CRC blocks                                  ; 0 / 1 ( 0 % )          ;
; Average interconnect usage (total/H/V)      ; 0% / 0% / 0%           ;
; Peak interconnect usage (total/H/V)         ; 3% / 2% / 3%           ;
; Maximum fan-out                             ; 206                    ;
; Highest non-global fan-out                  ; 110                    ;
; Total fan-out                               ; 3402                   ;
; Average fan-out                             ; 2.96                   ;
+---------------------------------------------+------------------------+
*  Register count does not include registers inside RAM blocks or DSP blocks.



+------------------------------------------------------------------------------------------------------+
; Fitter Partition Statistics                                                                          ;
+---------------------------------------------+-----------------------+--------------------------------+
; Statistic                                   ; Top                   ; hard_block:auto_generated_inst ;
+---------------------------------------------+-----------------------+--------------------------------+
; Difficulty Clustering Region                ; Low                   ; Low                            ;
;                                             ;                       ;                                ;
; Total logic elements                        ; 887 / 33216 ( 3 % )   ; 0 / 33216 ( 0 % )              ;
;     -- Combinational with no register       ; 681                   ; 0                              ;
;     -- Register only                        ; 10                    ; 0                              ;
;     -- Combinational with a register        ; 196                   ; 0                              ;
;                                             ;                       ;                                ;
; Logic element usage by number of LUT inputs ;                       ;                                ;
;     -- 4 input functions                    ; 383                   ; 0                              ;
;     -- 3 input functions                    ; 220                   ; 0                              ;
;     -- <=2 input functions                  ; 274                   ; 0                              ;
;     -- Register only                        ; 10                    ; 0                              ;
;                                             ;                       ;                                ;
; Logic elements by mode                      ;                       ;                                ;
;     -- normal mode                          ; 555                   ; 0                              ;
;     -- arithmetic mode                      ; 322                   ; 0                              ;
;                                             ;                       ;                                ;
; Total registers                             ; 206                   ; 0                              ;
;     -- Dedicated logic registers            ; 206 / 33216 ( < 1 % ) ; 0 / 33216 ( 0 % )              ;
;                                             ;                       ;                                ;
; Total LABs:  partially or completely used   ; 63 / 2076 ( 3 % )     ; 0 / 2076 ( 0 % )               ;
;                                             ;                       ;                                ;
; Virtual pins                                ; 0                     ; 0                              ;
; I/O pins                                    ; 52                    ; 0                              ;
; Embedded Multiplier 9-bit elements          ; 0 / 70 ( 0 % )        ; 0 / 70 ( 0 % )                 ;
; Total memory bits                           ; 0                     ; 0                              ;
; Total RAM block bits                        ; 0                     ; 0                              ;
; Clock control block                         ; 1 / 20 ( 5 % )        ; 0 / 20 ( 0 % )                 ;
;                                             ;                       ;                                ;
; Connections                                 ;                       ;                                ;
;     -- Input Connections                    ; 0                     ; 0                              ;
;     -- Registered Input Connections         ; 0                     ; 0                              ;
;     -- Output Connections                   ; 0                     ; 0                              ;
;     -- Registered Output Connections        ; 0                     ; 0                              ;
;                                             ;                       ;                                ;
; Internal Connections                        ;                       ;                                ;
;     -- Total Connections                    ; 3402                  ; 0                              ;
;     -- Registered Connections               ; 1403                  ; 0                              ;
;                                             ;                       ;                                ;
; External Connections                        ;                       ;                                ;
;     -- Top                                  ; 0                     ; 0                              ;
;     -- hard_block:auto_generated_inst       ; 0                     ; 0                              ;
;                                             ;                       ;                                ;
; Partition Interface                         ;                       ;                                ;
;     -- Input Ports                          ; 23                    ; 0                              ;
;     -- Output Ports                         ; 29                    ; 0                              ;
;     -- Bidir Ports                          ; 0                     ; 0                              ;
;                                             ;                       ;                                ;
; Registered Ports                            ;                       ;                                ;
;     -- Registered Input Ports               ; 0                     ; 0                              ;
;     -- Registered Output Ports              ; 0                     ; 0                              ;
;                                             ;                       ;                                ;
; Port Connectivity                           ;                       ;                                ;
;     -- Input Ports driven by GND            ; 0                     ; 0                              ;
;     -- Output Ports driven by GND           ; 0                     ; 0                              ;
;     -- Input Ports driven by VCC            ; 0                     ; 0                              ;
;     -- Output Ports driven by VCC           ; 0                     ; 0                              ;
;     -- Input Ports with no Source           ; 0                     ; 0                              ;
;     -- Output Ports with no Source          ; 0                     ; 0                              ;
;     -- Input Ports with no Fanout           ; 0                     ; 0                              ;
;     -- Output Ports with no Fanout          ; 0                     ; 0                              ;
+---------------------------------------------+-----------------------+--------------------------------+


+----------------------------------------------------------------------------------------------------------------------------------------------------------------------------------------------------------------------------------------------------------------+
; Input Pins                                                                                                                                                                                                                                                     ;
+----------+-------+----------+--------------+--------------+-------------+-----------------------+--------------------+--------+----------------+---------------+-----------------+----------+--------------+--------------+-------------+----------------------+
; Name     ; Pin # ; I/O Bank ; X coordinate ; Y coordinate ; Cell number ; Combinational Fan-Out ; Registered Fan-Out ; Global ; Input Register ; Power Up High ; PCI I/O Enabled ; Bus Hold ; Weak Pull Up ; I/O Standard ; Termination ; Location assigned by ;
+----------+-------+----------+--------------+--------------+-------------+-----------------------+--------------------+--------+----------------+---------------+-----------------+----------+--------------+--------------+-------------+----------------------+
; CLOCK_50 ; N2    ; 2        ; 0            ; 18           ; 0           ; 1                     ; 0                  ; yes    ; no             ; no            ; no              ; no       ; Off          ; 3.3-V LVTTL  ; Off         ; User                 ;
; KEY[0]   ; G26   ; 5        ; 65           ; 27           ; 1           ; 2                     ; 0                  ; no     ; no             ; no            ; no              ; no       ; Off          ; 3.3-V LVTTL  ; Off         ; User                 ;
; KEY[1]   ; N23   ; 5        ; 65           ; 20           ; 2           ; 2                     ; 0                  ; no     ; no             ; no            ; no              ; no       ; Off          ; 3.3-V LVTTL  ; Off         ; User                 ;
; KEY[2]   ; P23   ; 6        ; 65           ; 18           ; 0           ; 2                     ; 0                  ; no     ; no             ; no            ; no              ; no       ; Off          ; 3.3-V LVTTL  ; Off         ; User                 ;
; KEY[3]   ; W26   ; 6        ; 65           ; 10           ; 2           ; 2                     ; 0                  ; no     ; no             ; no            ; no              ; no       ; Off          ; 3.3-V LVTTL  ; Off         ; User                 ;
; SW[0]    ; N25   ; 5        ; 65           ; 19           ; 0           ; 2                     ; 0                  ; no     ; no             ; no            ; no              ; no       ; Off          ; 3.3-V LVTTL  ; Off         ; User                 ;
; SW[10]   ; N1    ; 2        ; 0            ; 18           ; 1           ; 0                     ; 0                  ; no     ; no             ; no            ; no              ; no       ; Off          ; 3.3-V LVTTL  ; Off         ; User                 ;
; SW[11]   ; P1    ; 1        ; 0            ; 18           ; 3           ; 0                     ; 0                  ; no     ; no             ; no            ; no              ; no       ; Off          ; 3.3-V LVTTL  ; Off         ; User                 ;
; SW[12]   ; P2    ; 1        ; 0            ; 18           ; 2           ; 0                     ; 0                  ; no     ; no             ; no            ; no              ; no       ; Off          ; 3.3-V LVTTL  ; Off         ; User                 ;
; SW[13]   ; T7    ; 1        ; 0            ; 11           ; 0           ; 0                     ; 0                  ; no     ; no             ; no            ; no              ; no       ; Off          ; 3.3-V LVTTL  ; Off         ; User                 ;
; SW[14]   ; U3    ; 1        ; 0            ; 12           ; 0           ; 0                     ; 0                  ; no     ; no             ; no            ; no              ; no       ; Off          ; 3.3-V LVTTL  ; Off         ; User                 ;
; SW[15]   ; U4    ; 1        ; 0            ; 12           ; 1           ; 0                     ; 0                  ; no     ; no             ; no            ; no              ; no       ; Off          ; 3.3-V LVTTL  ; Off         ; User                 ;
; SW[16]   ; V1    ; 1        ; 0            ; 12           ; 2           ; 0                     ; 0                  ; no     ; no             ; no            ; no              ; no       ; Off          ; 3.3-V LVTTL  ; Off         ; User                 ;
; SW[17]   ; V2    ; 1        ; 0            ; 12           ; 3           ; 0                     ; 0                  ; no     ; no             ; no            ; no              ; no       ; Off          ; 3.3-V LVTTL  ; Off         ; User                 ;
; SW[1]    ; N26   ; 5        ; 65           ; 19           ; 1           ; 0                     ; 0                  ; no     ; no             ; no            ; no              ; no       ; Off          ; 3.3-V LVTTL  ; Off         ; User                 ;
; SW[2]    ; P25   ; 6        ; 65           ; 19           ; 2           ; 0                     ; 0                  ; no     ; no             ; no            ; no              ; no       ; Off          ; 3.3-V LVTTL  ; Off         ; User                 ;
; SW[3]    ; AE14  ; 7        ; 33           ; 0            ; 0           ; 0                     ; 0                  ; no     ; no             ; no            ; no              ; no       ; Off          ; 3.3-V LVTTL  ; Off         ; User                 ;
; SW[4]    ; AF14  ; 7        ; 33           ; 0            ; 1           ; 0                     ; 0                  ; no     ; no             ; no            ; no              ; no       ; Off          ; 3.3-V LVTTL  ; Off         ; User                 ;
; SW[5]    ; AD13  ; 8        ; 33           ; 0            ; 2           ; 0                     ; 0                  ; no     ; no             ; no            ; no              ; no       ; Off          ; 3.3-V LVTTL  ; Off         ; User                 ;
; SW[6]    ; AC13  ; 8        ; 33           ; 0            ; 3           ; 0                     ; 0                  ; no     ; no             ; no            ; no              ; no       ; Off          ; 3.3-V LVTTL  ; Off         ; User                 ;
; SW[7]    ; C13   ; 3        ; 31           ; 36           ; 2           ; 0                     ; 0                  ; no     ; no             ; no            ; no              ; no       ; Off          ; 3.3-V LVTTL  ; Off         ; User                 ;
; SW[8]    ; B13   ; 4        ; 31           ; 36           ; 0           ; 0                     ; 0                  ; no     ; no             ; no            ; no              ; no       ; Off          ; 3.3-V LVTTL  ; Off         ; User                 ;
; SW[9]    ; A13   ; 4        ; 31           ; 36           ; 1           ; 0                     ; 0                  ; no     ; no             ; no            ; no              ; no       ; Off          ; 3.3-V LVTTL  ; Off         ; User                 ;
+----------+-------+----------+--------------+--------------+-------------+-----------------------+--------------------+--------+----------------+---------------+-----------------+----------+--------------+--------------+-------------+----------------------+


+-------------------------------------------------------------------------------------------------------------------------------------------------------------------------------------------------------------------------------------------------------------------------------------------------------------------------------------------+
; Output Pins                                                                                                                                                                                                                                                                                                                               ;
+-------------+-------+----------+--------------+--------------+-------------+-----------------+------------------------+---------------+-----------------+------------+---------------+----------+--------------+--------------+------------------+-------------+----------------------+------+----------------------+---------------------+
; Name        ; Pin # ; I/O Bank ; X coordinate ; Y coordinate ; Cell number ; Output Register ; Output Enable Register ; Power Up High ; PCI I/O Enabled ; Open Drain ; TRI Primitive ; Bus Hold ; Weak Pull Up ; I/O Standard ; Current Strength ; Termination ; Location assigned by ; Load ; Output Enable Source ; Output Enable Group ;
+-------------+-------+----------+--------------+--------------+-------------+-----------------+------------------------+---------------+-----------------+------------+---------------+----------+--------------+--------------+------------------+-------------+----------------------+------+----------------------+---------------------+
; VGA_BLANK_N ; D6    ; 3        ; 11           ; 36           ; 2           ; no              ; no                     ; no            ; no              ; no         ; no            ; no       ; Off          ; 3.3-V LVTTL  ; 24mA             ; Off         ; User                 ; 0 pF ; -                    ; -                   ;
; VGA_B[0]    ; J13   ; 3        ; 24           ; 36           ; 1           ; no              ; no                     ; no            ; no              ; no         ; no            ; no       ; Off          ; 3.3-V LVTTL  ; 24mA             ; Off         ; User                 ; 0 pF ; -                    ; -                   ;
; VGA_B[1]    ; J14   ; 3        ; 24           ; 36           ; 0           ; no              ; no                     ; no            ; no              ; no         ; no            ; no       ; Off          ; 3.3-V LVTTL  ; 24mA             ; Off         ; User                 ; 0 pF ; -                    ; -                   ;
; VGA_B[2]    ; F12   ; 3        ; 27           ; 36           ; 3           ; no              ; no                     ; no            ; no              ; no         ; no            ; no       ; Off          ; 3.3-V LVTTL  ; 24mA             ; Off         ; User                 ; 0 pF ; -                    ; -                   ;
; VGA_B[3]    ; G12   ; 3        ; 27           ; 36           ; 2           ; no              ; no                     ; no            ; no              ; no         ; no            ; no       ; Off          ; 3.3-V LVTTL  ; 24mA             ; Off         ; User                 ; 0 pF ; -                    ; -                   ;
; VGA_B[4]    ; J10   ; 3        ; 27           ; 36           ; 1           ; no              ; no                     ; no            ; no              ; no         ; no            ; no       ; Off          ; 3.3-V LVTTL  ; 24mA             ; Off         ; User                 ; 0 pF ; -                    ; -                   ;
; VGA_B[5]    ; J11   ; 3        ; 27           ; 36           ; 0           ; no              ; no                     ; no            ; no              ; no         ; no            ; no       ; Off          ; 3.3-V LVTTL  ; 24mA             ; Off         ; User                 ; 0 pF ; -                    ; -                   ;
; VGA_B[6]    ; C11   ; 3        ; 29           ; 36           ; 3           ; no              ; no                     ; no            ; no              ; no         ; no            ; no       ; Off          ; 3.3-V LVTTL  ; 24mA             ; Off         ; User                 ; 0 pF ; -                    ; -                   ;
; VGA_B[7]    ; B11   ; 3        ; 29           ; 36           ; 2           ; no              ; no                     ; no            ; no              ; no         ; no            ; no       ; Off          ; 3.3-V LVTTL  ; 24mA             ; Off         ; User                 ; 0 pF ; -                    ; -                   ;
; VGA_CLK     ; B8    ; 3        ; 16           ; 36           ; 1           ; no              ; no                     ; no            ; no              ; no         ; no            ; no       ; Off          ; 3.3-V LVTTL  ; 24mA             ; Off         ; User                 ; 0 pF ; -                    ; -                   ;
; VGA_G[0]    ; B9    ; 3        ; 20           ; 36           ; 3           ; no              ; no                     ; no            ; no              ; no         ; no            ; no       ; Off          ; 3.3-V LVTTL  ; 24mA             ; Off         ; User                 ; 0 pF ; -                    ; -                   ;
; VGA_G[1]    ; A9    ; 3        ; 20           ; 36           ; 2           ; no              ; no                     ; no            ; no              ; no         ; no            ; no       ; Off          ; 3.3-V LVTTL  ; 24mA             ; Off         ; User                 ; 0 pF ; -                    ; -                   ;
; VGA_G[2]    ; C10   ; 3        ; 20           ; 36           ; 1           ; no              ; no                     ; no            ; no              ; no         ; no            ; no       ; Off          ; 3.3-V LVTTL  ; 24mA             ; Off         ; User                 ; 0 pF ; -                    ; -                   ;
; VGA_G[3]    ; D10   ; 3        ; 20           ; 36           ; 0           ; no              ; no                     ; no            ; no              ; no         ; no            ; no       ; Off          ; 3.3-V LVTTL  ; 24mA             ; Off         ; User                 ; 0 pF ; -                    ; -                   ;
; VGA_G[4]    ; B10   ; 3        ; 22           ; 36           ; 3           ; no              ; no                     ; no            ; no              ; no         ; no            ; no       ; Off          ; 3.3-V LVTTL  ; 24mA             ; Off         ; User                 ; 0 pF ; -                    ; -                   ;
; VGA_G[5]    ; A10   ; 3        ; 22           ; 36           ; 2           ; no              ; no                     ; no            ; no              ; no         ; no            ; no       ; Off          ; 3.3-V LVTTL  ; 24mA             ; Off         ; User                 ; 0 pF ; -                    ; -                   ;
; VGA_G[6]    ; G11   ; 3        ; 22           ; 36           ; 1           ; no              ; no                     ; no            ; no              ; no         ; no            ; no       ; Off          ; 3.3-V LVTTL  ; 24mA             ; Off         ; User                 ; 0 pF ; -                    ; -                   ;
; VGA_G[7]    ; D11   ; 3        ; 22           ; 36           ; 0           ; no              ; no                     ; no            ; no              ; no         ; no            ; no       ; Off          ; 3.3-V LVTTL  ; 24mA             ; Off         ; User                 ; 0 pF ; -                    ; -                   ;
; VGA_HS      ; A7    ; 3        ; 11           ; 36           ; 0           ; no              ; no                     ; no            ; no              ; no         ; no            ; no       ; Off          ; 3.3-V LVTTL  ; 24mA             ; Off         ; User                 ; 0 pF ; -                    ; -                   ;
; VGA_R[0]    ; C8    ; 3        ; 14           ; 36           ; 2           ; no              ; no                     ; no            ; no              ; no         ; no            ; no       ; Off          ; 3.3-V LVTTL  ; 24mA             ; Off         ; User                 ; 0 pF ; -                    ; -                   ;
; VGA_R[1]    ; F10   ; 3        ; 14           ; 36           ; 1           ; no              ; no                     ; no            ; no              ; no         ; no            ; no       ; Off          ; 3.3-V LVTTL  ; 24mA             ; Off         ; User                 ; 0 pF ; -                    ; -                   ;
; VGA_R[2]    ; G10   ; 3        ; 14           ; 36           ; 0           ; no              ; no                     ; no            ; no              ; no         ; no            ; no       ; Off          ; 3.3-V LVTTL  ; 24mA             ; Off         ; User                 ; 0 pF ; -                    ; -                   ;
; VGA_R[3]    ; D9    ; 3        ; 16           ; 36           ; 3           ; no              ; no                     ; no            ; no              ; no         ; no            ; no       ; Off          ; 3.3-V LVTTL  ; 24mA             ; Off         ; User                 ; 0 pF ; -                    ; -                   ;
; VGA_R[4]    ; C9    ; 3        ; 16           ; 36           ; 2           ; no              ; no                     ; no            ; no              ; no         ; no            ; no       ; Off          ; 3.3-V LVTTL  ; 24mA             ; Off         ; User                 ; 0 pF ; -                    ; -                   ;
; VGA_R[5]    ; A8    ; 3        ; 16           ; 36           ; 0           ; no              ; no                     ; no            ; no              ; no         ; no            ; no       ; Off          ; 3.3-V LVTTL  ; 24mA             ; Off         ; User                 ; 0 pF ; -                    ; -                   ;
; VGA_R[6]    ; H11   ; 3        ; 18           ; 36           ; 3           ; no              ; no                     ; no            ; no              ; no         ; no            ; no       ; Off          ; 3.3-V LVTTL  ; 24mA             ; Off         ; User                 ; 0 pF ; -                    ; -                   ;
; VGA_R[7]    ; H12   ; 3        ; 18           ; 36           ; 2           ; no              ; no                     ; no            ; no              ; no         ; no            ; no       ; Off          ; 3.3-V LVTTL  ; 24mA             ; Off         ; User                 ; 0 pF ; -                    ; -                   ;
; VGA_SYNC_N  ; B7    ; 3        ; 11           ; 36           ; 1           ; no              ; no                     ; no            ; no              ; no         ; no            ; no       ; Off          ; 3.3-V LVTTL  ; 24mA             ; Off         ; User                 ; 0 pF ; -                    ; -                   ;
; VGA_VS      ; D8    ; 3        ; 14           ; 36           ; 3           ; no              ; no                     ; no            ; no              ; no         ; no            ; no       ; Off          ; 3.3-V LVTTL  ; 24mA             ; Off         ; User                 ; 0 pF ; -                    ; -                   ;
+-------------+-------+----------+--------------+--------------+-------------+-----------------+------------------------+---------------+-----------------+------------+---------------+----------+--------------+--------------+------------------+-------------+----------------------+------+----------------------+---------------------+


+------------------------------------------------------------+
; I/O Bank Usage                                             ;
+----------+------------------+---------------+--------------+
; I/O Bank ; Usage            ; VCCIO Voltage ; VREF Voltage ;
+----------+------------------+---------------+--------------+
; 1        ; 7 / 64 ( 11 % )  ; 3.3V          ; --           ;
; 2        ; 4 / 59 ( 7 % )   ; 3.3V          ; --           ;
; 3        ; 30 / 56 ( 54 % ) ; 3.3V          ; --           ;
; 4        ; 2 / 58 ( 3 % )   ; 3.3V          ; --           ;
; 5        ; 4 / 65 ( 6 % )   ; 3.3V          ; --           ;
; 6        ; 4 / 59 ( 7 % )   ; 3.3V          ; --           ;
; 7        ; 2 / 58 ( 3 % )   ; 3.3V          ; --           ;
; 8        ; 2 / 56 ( 4 % )   ; 3.3V          ; --           ;
+----------+------------------+---------------+--------------+


+------------------------------------------------------------------------------------------------------------------------------------------------------------------------+
; All Package Pins                                                                                                                                                       ;
+----------+------------+----------+------------------------------------------+--------+--------------+---------+------------+-----------------+----------+--------------+
; Location ; Pad Number ; I/O Bank ; Pin Name/Usage                           ; Dir.   ; I/O Standard ; Voltage ; I/O Type   ; User Assignment ; Bus Hold ; Weak Pull Up ;
+----------+------------+----------+------------------------------------------+--------+--------------+---------+------------+-----------------+----------+--------------+
; A2       ;            ;          ; GND                                      ; gnd    ;              ;         ; --         ;                 ; --       ; --           ;
; A3       ;            ; 3        ; VCCIO3                                   ; power  ;              ; 3.3V    ; --         ;                 ; --       ; --           ;
; A4       ; 484        ; 3        ; GND*                                     ;        ;              ;         ; Column I/O ;                 ; no       ; Off          ;
; A5       ; 482        ; 3        ; GND*                                     ;        ;              ;         ; Column I/O ;                 ; no       ; Off          ;
; A6       ; 479        ; 3        ; GND*                                     ;        ;              ;         ; Column I/O ;                 ; no       ; Off          ;
; A7       ; 465        ; 3        ; VGA_HS                                   ; output ; 3.3-V LVTTL  ;         ; Column I/O ; Y               ; no       ; Off          ;
; A8       ; 457        ; 3        ; VGA_R[5]                                 ; output ; 3.3-V LVTTL  ;         ; Column I/O ; Y               ; no       ; Off          ;
; A9       ; 451        ; 3        ; VGA_G[1]                                 ; output ; 3.3-V LVTTL  ;         ; Column I/O ; Y               ; no       ; Off          ;
; A10      ; 447        ; 3        ; VGA_G[5]                                 ; output ; 3.3-V LVTTL  ;         ; Column I/O ; Y               ; no       ; Off          ;
; A11      ;            ; 3        ; VCCIO3                                   ; power  ;              ; 3.3V    ; --         ;                 ; --       ; --           ;
; A12      ;            ;          ; GND                                      ; gnd    ;              ;         ; --         ;                 ; --       ; --           ;
; A13      ; 430        ; 4        ; SW[9]                                    ; input  ; 3.3-V LVTTL  ;         ; Column I/O ; Y               ; no       ; Off          ;
; A14      ; 427        ; 4        ; GND*                                     ;        ;              ;         ; Column I/O ;                 ; no       ; Off          ;
; A15      ;            ;          ; GND                                      ; gnd    ;              ;         ; --         ;                 ; --       ; --           ;
; A16      ;            ; 4        ; VCCIO4                                   ; power  ;              ; 3.3V    ; --         ;                 ; --       ; --           ;
; A17      ; 412        ; 4        ; GND*                                     ;        ;              ;         ; Column I/O ;                 ; no       ; Off          ;
; A18      ; 406        ; 4        ; GND*                                     ;        ;              ;         ; Column I/O ;                 ; no       ; Off          ;
; A19      ; 394        ; 4        ; GND*                                     ;        ;              ;         ; Column I/O ;                 ; no       ; Off          ;
; A20      ; 390        ; 4        ; GND*                                     ;        ;              ;         ; Column I/O ;                 ; no       ; Off          ;
; A21      ; 382        ; 4        ; GND*                                     ;        ;              ;         ; Column I/O ;                 ; no       ; Off          ;
; A22      ; 379        ; 4        ; GND*                                     ;        ;              ;         ; Column I/O ;                 ; no       ; Off          ;
; A23      ; 378        ; 4        ; GND*                                     ;        ;              ;         ; Column I/O ;                 ; no       ; Off          ;
; A24      ;            ; 4        ; VCCIO4                                   ; power  ;              ; 3.3V    ; --         ;                 ; --       ; --           ;
; A25      ;            ;          ; GND                                      ; gnd    ;              ;         ; --         ;                 ; --       ; --           ;
; AA1      ; 107        ; 1        ; GND*                                     ;        ;              ;         ; Row I/O    ;                 ; no       ; Off          ;
; AA2      ; 106        ; 1        ; GND*                                     ;        ;              ;         ; Row I/O    ;                 ; no       ; Off          ;
; AA3      ; 117        ; 1        ; GND*                                     ;        ;              ;         ; Row I/O    ;                 ; no       ; Off          ;
; AA4      ; 116        ; 1        ; GND*                                     ;        ;              ;         ; Row I/O    ;                 ; no       ; Off          ;
; AA5      ; 120        ; 1        ; GND*                                     ;        ;              ;         ; Row I/O    ;                 ; no       ; Off          ;
; AA6      ; 130        ; 1        ; GND*                                     ;        ;              ;         ; Row I/O    ;                 ; no       ; Off          ;
; AA7      ; 129        ; 1        ; GND*                                     ;        ;              ;         ; Row I/O    ;                 ; no       ; Off          ;
; AA8      ;            ;          ; VCCA_PLL1                                ; power  ;              ; 1.2V    ; --         ;                 ; --       ; --           ;
; AA9      ; 152        ; 8        ; GND*                                     ;        ;              ;         ; Column I/O ;                 ; no       ; Off          ;
; AA10     ; 153        ; 8        ; GND*                                     ;        ;              ;         ; Column I/O ;                 ; no       ; Off          ;
; AA11     ; 155        ; 8        ; GND*                                     ;        ;              ;         ; Column I/O ;                 ; no       ; Off          ;
; AA12     ; 179        ; 8        ; GND*                                     ;        ;              ;         ; Column I/O ;                 ; no       ; Off          ;
; AA13     ; 192        ; 7        ; GND*                                     ;        ;              ;         ; Column I/O ;                 ; no       ; Off          ;
; AA14     ; 194        ; 7        ; GND*                                     ;        ;              ;         ; Column I/O ;                 ; no       ; Off          ;
; AA15     ; 197        ; 7        ; GND*                                     ;        ;              ;         ; Column I/O ;                 ; no       ; Off          ;
; AA16     ; 209        ; 7        ; GND*                                     ;        ;              ;         ; Column I/O ;                 ; no       ; Off          ;
; AA17     ; 219        ; 7        ; GND*                                     ;        ;              ;         ; Column I/O ;                 ; no       ; Off          ;
; AA18     ; 220        ; 7        ; GND*                                     ;        ;              ;         ; Column I/O ;                 ; no       ; Off          ;
; AA19     ;            ;          ; VCCA_PLL4                                ; power  ;              ; 1.2V    ; --         ;                 ; --       ; --           ;
; AA20     ; 230        ; 7        ; GND*                                     ;        ;              ;         ; Column I/O ;                 ; no       ; Off          ;
; AA21     ;            ;          ; GND_PLL4                                 ; gnd    ;              ;         ; --         ;                 ; --       ; --           ;
; AA22     ;            ; 6        ; VCCIO6                                   ; power  ;              ; 3.3V    ; --         ;                 ; --       ; --           ;
; AA23     ; 256        ; 6        ; GND*                                     ;        ;              ;         ; Row I/O    ;                 ; no       ; Off          ;
; AA24     ; 255        ; 6        ; GND*                                     ;        ;              ;         ; Row I/O    ;                 ; no       ; Off          ;
; AA25     ; 266        ; 6        ; GND*                                     ;        ;              ;         ; Row I/O    ;                 ; no       ; Off          ;
; AA26     ; 267        ; 6        ; GND*                                     ;        ;              ;         ; Row I/O    ;                 ; no       ; Off          ;
; AB1      ; 115        ; 1        ; GND*                                     ;        ;              ;         ; Row I/O    ;                 ; no       ; Off          ;
; AB2      ; 114        ; 1        ; GND*                                     ;        ;              ;         ; Row I/O    ;                 ; no       ; Off          ;
; AB3      ; 126        ; 1        ; GND*                                     ;        ;              ;         ; Row I/O    ;                 ; no       ; Off          ;
; AB4      ; 127        ; 1        ; GND*                                     ;        ;              ;         ; Row I/O    ;                 ; no       ; Off          ;
; AB5      ;            ; 1        ; VCCIO1                                   ; power  ;              ; 3.3V    ; --         ;                 ; --       ; --           ;
; AB6      ;            ; 8        ; VCCIO8                                   ; power  ;              ; 3.3V    ; --         ;                 ; --       ; --           ;
; AB7      ;            ;          ; GND                                      ; gnd    ;              ;         ; --         ;                 ; --       ; --           ;
; AB8      ; 147        ; 8        ; GND*                                     ;        ;              ;         ; Column I/O ;                 ; no       ; Off          ;
; AB9      ;            ; 8        ; VCCIO8                                   ; power  ;              ; 3.3V    ; --         ;                 ; --       ; --           ;
; AB10     ; 154        ; 8        ; GND*                                     ;        ;              ;         ; Column I/O ;                 ; no       ; Off          ;
; AB11     ;            ;          ; GND                                      ; gnd    ;              ;         ; --         ;                 ; --       ; --           ;
; AB12     ; 171        ; 8        ; GND*                                     ;        ;              ;         ; Column I/O ;                 ; no       ; Off          ;
; AB13     ;            ; 8        ; VCCIO8                                   ; power  ;              ; 3.3V    ; --         ;                 ; --       ; --           ;
; AB14     ;            ; 7        ; VCCIO7                                   ; power  ;              ; 3.3V    ; --         ;                 ; --       ; --           ;
; AB15     ; 198        ; 7        ; GND*                                     ;        ;              ;         ; Column I/O ;                 ; no       ; Off          ;
; AB16     ;            ;          ; GND                                      ; gnd    ;              ;         ; --         ;                 ; --       ; --           ;
; AB17     ;            ; 7        ; VCCIO7                                   ; power  ;              ; 3.3V    ; --         ;                 ; --       ; --           ;
; AB18     ; 215        ; 7        ; GND*                                     ;        ;              ;         ; Column I/O ;                 ; no       ; Off          ;
; AB19     ;            ;          ; GND                                      ; gnd    ;              ;         ; --         ;                 ; --       ; --           ;
; AB20     ; 225        ; 7        ; GND*                                     ;        ;              ;         ; Column I/O ;                 ; no       ; Off          ;
; AB21     ; 242        ; 7        ; GND*                                     ;        ;              ;         ; Column I/O ;                 ; no       ; Off          ;
; AB22     ;            ; 7        ; VCCIO7                                   ; power  ;              ; 3.3V    ; --         ;                 ; --       ; --           ;
; AB23     ; 258        ; 6        ; GND*                                     ;        ;              ;         ; Row I/O    ;                 ; no       ; Off          ;
; AB24     ; 257        ; 6        ; GND*                                     ;        ;              ;         ; Row I/O    ;                 ; no       ; Off          ;
; AB25     ; 263        ; 6        ; GND*                                     ;        ;              ;         ; Row I/O    ;                 ; no       ; Off          ;
; AB26     ; 262        ; 6        ; GND*                                     ;        ;              ;         ; Row I/O    ;                 ; no       ; Off          ;
; AC1      ; 119        ; 1        ; GND*                                     ;        ;              ;         ; Row I/O    ;                 ; no       ; Off          ;
; AC2      ; 118        ; 1        ; GND*                                     ;        ;              ;         ; Row I/O    ;                 ; no       ; Off          ;
; AC3      ; 128        ; 1        ; GND*                                     ;        ;              ;         ; Row I/O    ;                 ; no       ; Off          ;
; AC4      ;            ;          ; GND                                      ; gnd    ;              ;         ; --         ;                 ; --       ; --           ;
; AC5      ; 133        ; 8        ; GND*                                     ;        ;              ;         ; Column I/O ;                 ; no       ; Off          ;
; AC6      ; 134        ; 8        ; GND*                                     ;        ;              ;         ; Column I/O ;                 ; no       ; Off          ;
; AC7      ; 143        ; 8        ; GND*                                     ;        ;              ;         ; Column I/O ;                 ; --       ; --           ;
; AC8      ; 148        ; 8        ; GND*                                     ;        ;              ;         ; Column I/O ;                 ; no       ; Off          ;
; AC9      ; 163        ; 8        ; GND*                                     ;        ;              ;         ; Column I/O ;                 ; no       ; Off          ;
; AC10     ; 164        ; 8        ; GND*                                     ;        ;              ;         ; Column I/O ;                 ; no       ; Off          ;
; AC11     ; 168        ; 8        ; GND*                                     ;        ;              ;         ; Column I/O ;                 ; no       ; Off          ;
; AC12     ; 172        ; 8        ; GND*                                     ;        ;              ;         ; Column I/O ;                 ; --       ; --           ;
; AC13     ; 185        ; 8        ; SW[6]                                    ; input  ; 3.3-V LVTTL  ;         ; Column I/O ; Y               ; no       ; Off          ;
; AC14     ; 191        ; 7        ; GND*                                     ;        ;              ;         ; Column I/O ;                 ; no       ; Off          ;
; AC15     ; 199        ; 7        ; GND*                                     ;        ;              ;         ; Column I/O ;                 ; no       ; Off          ;
; AC16     ; 202        ; 7        ; GND*                                     ;        ;              ;         ; Column I/O ;                 ; --       ; --           ;
; AC17     ; 207        ; 7        ; GND*                                     ;        ;              ;         ; Column I/O ;                 ; no       ; Off          ;
; AC18     ; 216        ; 7        ; GND*                                     ;        ;              ;         ; Column I/O ;                 ; no       ; Off          ;
; AC19     ; 222        ; 7        ; GND*                                     ;        ;              ;         ; Column I/O ;                 ; no       ; Off          ;
; AC20     ; 226        ; 7        ; GND*                                     ;        ;              ;         ; Column I/O ;                 ; no       ; Off          ;
; AC21     ; 237        ; 7        ; GND*                                     ;        ;              ;         ; Column I/O ;                 ; no       ; Off          ;
; AC22     ; 241        ; 7        ; GND*                                     ;        ;              ;         ; Column I/O ;                 ; no       ; Off          ;
; AC23     ; 245        ; 6        ; GND*                                     ;        ;              ;         ; Row I/O    ;                 ; no       ; Off          ;
; AC24     ;            ;          ; NC                                       ;        ;              ;         ; --         ;                 ; --       ; --           ;
; AC25     ; 260        ; 6        ; GND*                                     ;        ;              ;         ; Row I/O    ;                 ; no       ; Off          ;
; AC26     ; 261        ; 6        ; GND*                                     ;        ;              ;         ; Row I/O    ;                 ; no       ; Off          ;
; AD1      ;            ; 1        ; VCCIO1                                   ; power  ;              ; 3.3V    ; --         ;                 ; --       ; --           ;
; AD2      ; 122        ; 1        ; GND*                                     ;        ;              ;         ; Row I/O    ;                 ; no       ; Off          ;
; AD3      ; 123        ; 1        ; GND*                                     ;        ;              ;         ; Row I/O    ;                 ; no       ; Off          ;
; AD4      ; 135        ; 8        ; GND*                                     ;        ;              ;         ; Column I/O ;                 ; no       ; Off          ;
; AD5      ; 136        ; 8        ; GND*                                     ;        ;              ;         ; Column I/O ;                 ; no       ; Off          ;
; AD6      ; 139        ; 8        ; GND*                                     ;        ;              ;         ; Column I/O ;                 ; no       ; Off          ;
; AD7      ; 140        ; 8        ; GND*                                     ;        ;              ;         ; Column I/O ;                 ; no       ; Off          ;
; AD8      ; 149        ; 8        ; GND*                                     ;        ;              ;         ; Column I/O ;                 ; no       ; Off          ;
; AD9      ;            ;          ; GND                                      ; gnd    ;              ;         ; --         ;                 ; --       ; --           ;
; AD10     ; 167        ; 8        ; GND*                                     ;        ;              ;         ; Column I/O ;                 ; no       ; Off          ;
; AD11     ; 173        ; 8        ; GND*                                     ;        ;              ;         ; Column I/O ;                 ; no       ; Off          ;
; AD12     ; 181        ; 8        ; GND*                                     ;        ;              ;         ; Column I/O ;                 ; no       ; Off          ;
; AD13     ; 186        ; 8        ; SW[5]                                    ; input  ; 3.3-V LVTTL  ;         ; Column I/O ; Y               ; no       ; Off          ;
; AD14     ;            ;          ; GND                                      ; gnd    ;              ;         ; --         ;                 ; --       ; --           ;
; AD15     ; 190        ; 7        ; GND*                                     ;        ;              ;         ; Column I/O ;                 ; no       ; Off          ;
; AD16     ; 201        ; 7        ; GND*                                     ;        ;              ;         ; Column I/O ;                 ; no       ; Off          ;
; AD17     ; 208        ; 7        ; GND*                                     ;        ;              ;         ; Column I/O ;                 ; no       ; Off          ;
; AD18     ;            ;          ; GND                                      ; gnd    ;              ;         ; --         ;                 ; --       ; --           ;
; AD19     ; 221        ; 7        ; GND*                                     ;        ;              ;         ; Column I/O ;                 ; no       ; Off          ;
; AD20     ;            ; 7        ; VCCIO7                                   ; power  ;              ; 3.3V    ; --         ;                 ; --       ; --           ;
; AD21     ; 238        ; 7        ; GND*                                     ;        ;              ;         ; Column I/O ;                 ; no       ; Off          ;
; AD22     ; 240        ; 7        ; GND*                                     ;        ;              ;         ; Column I/O ;                 ; no       ; Off          ;
; AD23     ; 239        ; 7        ; GND*                                     ;        ;              ;         ; Column I/O ;                 ; no       ; Off          ;
; AD24     ; 249        ; 6        ; GND*                                     ;        ;              ;         ; Row I/O    ;                 ; no       ; Off          ;
; AD25     ; 248        ; 6        ; GND*                                     ;        ;              ;         ; Row I/O    ;                 ; no       ; Off          ;
; AD26     ;            ; 6        ; VCCIO6                                   ; power  ;              ; 3.3V    ; --         ;                 ; --       ; --           ;
; AE1      ;            ;          ; GND                                      ; gnd    ;              ;         ; --         ;                 ; --       ; --           ;
; AE2      ; 124        ; 1        ; GND*                                     ;        ;              ;         ; Row I/O    ;                 ; no       ; Off          ;
; AE3      ; 125        ; 1        ; GND*                                     ;        ;              ;         ; Row I/O    ;                 ; no       ; Off          ;
; AE4      ; 131        ; 8        ; GND*                                     ;        ;              ;         ; Column I/O ;                 ; no       ; Off          ;
; AE5      ; 137        ; 8        ; GND*                                     ;        ;              ;         ; Column I/O ;                 ; no       ; Off          ;
; AE6      ; 150        ; 8        ; GND*                                     ;        ;              ;         ; Column I/O ;                 ; no       ; Off          ;
; AE7      ; 157        ; 8        ; GND*                                     ;        ;              ;         ; Column I/O ;                 ; no       ; Off          ;
; AE8      ; 159        ; 8        ; GND*                                     ;        ;              ;         ; Column I/O ;                 ; no       ; Off          ;
; AE9      ; 165        ; 8        ; GND*                                     ;        ;              ;         ; Column I/O ;                 ; no       ; Off          ;
; AE10     ; 169        ; 8        ; GND*                                     ;        ;              ;         ; Column I/O ;                 ; no       ; Off          ;
; AE11     ; 174        ; 8        ; GND*                                     ;        ;              ;         ; Column I/O ;                 ; no       ; Off          ;
; AE12     ; 182        ; 8        ; GND*                                     ;        ;              ;         ; Column I/O ;                 ; no       ; Off          ;
; AE13     ; 183        ; 8        ; GND*                                     ;        ;              ;         ; Column I/O ;                 ; no       ; Off          ;
; AE14     ; 188        ; 7        ; SW[3]                                    ; input  ; 3.3-V LVTTL  ;         ; Column I/O ; Y               ; no       ; Off          ;
; AE15     ; 189        ; 7        ; GND*                                     ;        ;              ;         ; Column I/O ;                 ; no       ; Off          ;
; AE16     ; 200        ; 7        ; GND*                                     ;        ;              ;         ; Column I/O ;                 ; no       ; Off          ;
; AE17     ; 206        ; 7        ; GND*                                     ;        ;              ;         ; Column I/O ;                 ; no       ; Off          ;
; AE18     ; 212        ; 7        ; GND*                                     ;        ;              ;         ; Column I/O ;                 ; no       ; Off          ;
; AE19     ; 214        ; 7        ; GND*                                     ;        ;              ;         ; Column I/O ;                 ; no       ; Off          ;
; AE20     ; 224        ; 7        ; GND*                                     ;        ;              ;         ; Column I/O ;                 ; no       ; Off          ;
; AE21     ; 228        ; 7        ; GND*                                     ;        ;              ;         ; Column I/O ;                 ; no       ; Off          ;
; AE22     ; 236        ; 7        ; GND*                                     ;        ;              ;         ; Column I/O ;                 ; no       ; Off          ;
; AE23     ; 244        ; 7        ; GND*                                     ;        ;              ;         ; Column I/O ;                 ; no       ; Off          ;
; AE24     ; 247        ; 6        ; ~LVDS150p/nCEO~                          ; output ; 3.3-V LVTTL  ;         ; Row I/O    ; N               ; no       ; Off          ;
; AE25     ; 246        ; 6        ; GND*                                     ;        ;              ;         ; Row I/O    ;                 ; no       ; Off          ;
; AE26     ;            ;          ; GND                                      ; gnd    ;              ;         ; --         ;                 ; --       ; --           ;
; AF2      ;            ;          ; GND                                      ; gnd    ;              ;         ; --         ;                 ; --       ; --           ;
; AF3      ;            ; 8        ; VCCIO8                                   ; power  ;              ; 3.3V    ; --         ;                 ; --       ; --           ;
; AF4      ; 132        ; 8        ; GND*                                     ;        ;              ;         ; Column I/O ;                 ; no       ; Off          ;
; AF5      ; 138        ; 8        ; GND*                                     ;        ;              ;         ; Column I/O ;                 ; no       ; Off          ;
; AF6      ; 151        ; 8        ; GND*                                     ;        ;              ;         ; Column I/O ;                 ; no       ; Off          ;
; AF7      ; 158        ; 8        ; GND*                                     ;        ;              ;         ; Column I/O ;                 ; no       ; Off          ;
; AF8      ; 160        ; 8        ; GND*                                     ;        ;              ;         ; Column I/O ;                 ; no       ; Off          ;
; AF9      ; 166        ; 8        ; GND*                                     ;        ;              ;         ; Column I/O ;                 ; no       ; Off          ;
; AF10     ; 170        ; 8        ; GND*                                     ;        ;              ;         ; Column I/O ;                 ; no       ; Off          ;
; AF11     ;            ; 8        ; VCCIO8                                   ; power  ;              ; 3.3V    ; --         ;                 ; --       ; --           ;
; AF12     ;            ;          ; GND                                      ; gnd    ;              ;         ; --         ;                 ; --       ; --           ;
; AF13     ; 184        ; 8        ; GND*                                     ;        ;              ;         ; Column I/O ;                 ; no       ; Off          ;
; AF14     ; 187        ; 7        ; SW[4]                                    ; input  ; 3.3-V LVTTL  ;         ; Column I/O ; Y               ; no       ; Off          ;
; AF15     ;            ;          ; GND                                      ; gnd    ;              ;         ; --         ;                 ; --       ; --           ;
; AF16     ;            ; 7        ; VCCIO7                                   ; power  ;              ; 3.3V    ; --         ;                 ; --       ; --           ;
; AF17     ; 205        ; 7        ; GND*                                     ;        ;              ;         ; Column I/O ;                 ; no       ; Off          ;
; AF18     ; 211        ; 7        ; GND*                                     ;        ;              ;         ; Column I/O ;                 ; no       ; Off          ;
; AF19     ; 213        ; 7        ; GND*                                     ;        ;              ;         ; Column I/O ;                 ; no       ; Off          ;
; AF20     ; 223        ; 7        ; GND*                                     ;        ;              ;         ; Column I/O ;                 ; no       ; Off          ;
; AF21     ; 227        ; 7        ; GND*                                     ;        ;              ;         ; Column I/O ;                 ; no       ; Off          ;
; AF22     ; 235        ; 7        ; GND*                                     ;        ;              ;         ; Column I/O ;                 ; no       ; Off          ;
; AF23     ; 243        ; 7        ; GND*                                     ;        ;              ;         ; Column I/O ;                 ; no       ; Off          ;
; AF24     ;            ; 7        ; VCCIO7                                   ; power  ;              ; 3.3V    ; --         ;                 ; --       ; --           ;
; AF25     ;            ;          ; GND                                      ; gnd    ;              ;         ; --         ;                 ; --       ; --           ;
; B1       ;            ;          ; GND                                      ; gnd    ;              ;         ; --         ;                 ; --       ; --           ;
; B2       ; 2          ; 2        ; GND*                                     ;        ;              ;         ; Row I/O    ;                 ; no       ; Off          ;
; B3       ; 3          ; 2        ; GND*                                     ;        ;              ;         ; Row I/O    ;                 ; no       ; Off          ;
; B4       ; 483        ; 3        ; GND*                                     ;        ;              ;         ; Column I/O ;                 ; no       ; Off          ;
; B5       ; 481        ; 3        ; GND*                                     ;        ;              ;         ; Column I/O ;                 ; no       ; Off          ;
; B6       ; 480        ; 3        ; GND*                                     ;        ;              ;         ; Column I/O ;                 ; no       ; Off          ;
; B7       ; 466        ; 3        ; VGA_SYNC_N                               ; output ; 3.3-V LVTTL  ;         ; Column I/O ; Y               ; no       ; Off          ;
; B8       ; 458        ; 3        ; VGA_CLK                                  ; output ; 3.3-V LVTTL  ;         ; Column I/O ; Y               ; no       ; Off          ;
; B9       ; 452        ; 3        ; VGA_G[0]                                 ; output ; 3.3-V LVTTL  ;         ; Column I/O ; Y               ; no       ; Off          ;
; B10      ; 448        ; 3        ; VGA_G[4]                                 ; output ; 3.3-V LVTTL  ;         ; Column I/O ; Y               ; no       ; Off          ;
; B11      ; 435        ; 3        ; VGA_B[7]                                 ; output ; 3.3-V LVTTL  ;         ; Column I/O ; Y               ; no       ; Off          ;
; B12      ; 433        ; 3        ; GND*                                     ;        ;              ;         ; Column I/O ;                 ; no       ; Off          ;
; B13      ; 429        ; 4        ; SW[8]                                    ; input  ; 3.3-V LVTTL  ;         ; Column I/O ; Y               ; no       ; Off          ;
; B14      ; 428        ; 4        ; GND*                                     ;        ;              ;         ; Column I/O ;                 ; no       ; Off          ;
; B15      ; 420        ; 4        ; GND*                                     ;        ;              ;         ; Column I/O ;                 ; no       ; Off          ;
; B16      ; 419        ; 4        ; GND*                                     ;        ;              ;         ; Column I/O ;                 ; no       ; Off          ;
; B17      ; 411        ; 4        ; GND*                                     ;        ;              ;         ; Column I/O ;                 ; no       ; Off          ;
; B18      ; 405        ; 4        ; GND*                                     ;        ;              ;         ; Column I/O ;                 ; no       ; Off          ;
; B19      ; 393        ; 4        ; GND*                                     ;        ;              ;         ; Column I/O ;                 ; no       ; Off          ;
; B20      ; 389        ; 4        ; GND*                                     ;        ;              ;         ; Column I/O ;                 ; no       ; Off          ;
; B21      ; 381        ; 4        ; GND*                                     ;        ;              ;         ; Column I/O ;                 ; no       ; Off          ;
; B22      ; 380        ; 4        ; GND*                                     ;        ;              ;         ; Column I/O ;                 ; no       ; Off          ;
; B23      ; 377        ; 4        ; GND*                                     ;        ;              ;         ; Column I/O ;                 ; no       ; Off          ;
; B24      ; 363        ; 5        ; GND*                                     ;        ;              ;         ; Row I/O    ;                 ; no       ; Off          ;
; B25      ; 362        ; 5        ; GND*                                     ;        ;              ;         ; Row I/O    ;                 ; no       ; Off          ;
; B26      ;            ;          ; GND                                      ; gnd    ;              ;         ; --         ;                 ; --       ; --           ;
; C1       ;            ; 2        ; VCCIO2                                   ; power  ;              ; 3.3V    ; --         ;                 ; --       ; --           ;
; C2       ; 6          ; 2        ; GND*                                     ;        ;              ;         ; Row I/O    ;                 ; no       ; Off          ;
; C3       ; 7          ; 2        ; GND*                                     ;        ;              ;         ; Row I/O    ;                 ; no       ; Off          ;
; C4       ; 478        ; 3        ; GND*                                     ;        ;              ;         ; Column I/O ;                 ; no       ; Off          ;
; C5       ; 486        ; 3        ; GND*                                     ;        ;              ;         ; Column I/O ;                 ; no       ; Off          ;
; C6       ; 485        ; 3        ; GND*                                     ;        ;              ;         ; Column I/O ;                 ; no       ; Off          ;
; C7       ; 468        ; 3        ; GND*                                     ;        ;              ;         ; Column I/O ;                 ; no       ; Off          ;
; C8       ; 463        ; 3        ; VGA_R[0]                                 ; output ; 3.3-V LVTTL  ;         ; Column I/O ; Y               ; no       ; Off          ;
; C9       ; 459        ; 3        ; VGA_R[4]                                 ; output ; 3.3-V LVTTL  ;         ; Column I/O ; Y               ; no       ; Off          ;
; C10      ; 450        ; 3        ; VGA_G[2]                                 ; output ; 3.3-V LVTTL  ;         ; Column I/O ; Y               ; no       ; Off          ;
; C11      ; 436        ; 3        ; VGA_B[6]                                 ; output ; 3.3-V LVTTL  ;         ; Column I/O ; Y               ; no       ; Off          ;
; C12      ; 434        ; 3        ; GND*                                     ;        ;              ;         ; Column I/O ;                 ; no       ; Off          ;
; C13      ; 431        ; 3        ; SW[7]                                    ; input  ; 3.3-V LVTTL  ;         ; Column I/O ; Y               ; no       ; Off          ;
; C14      ;            ;          ; GND                                      ; gnd    ;              ;         ; --         ;                 ; --       ; --           ;
; C15      ; 421        ; 4        ; GND*                                     ;        ;              ;         ; Column I/O ;                 ; no       ; Off          ;
; C16      ; 418        ; 4        ; GND*                                     ;        ;              ;         ; Column I/O ;                 ; no       ; Off          ;
; C17      ; 404        ; 4        ; GND*                                     ;        ;              ;         ; Column I/O ;                 ; no       ; Off          ;
; C18      ;            ;          ; GND                                      ; gnd    ;              ;         ; --         ;                 ; --       ; --           ;
; C19      ; 391        ; 4        ; GND*                                     ;        ;              ;         ; Column I/O ;                 ; no       ; Off          ;
; C20      ;            ; 4        ; VCCIO4                                   ; power  ;              ; 3.3V    ; --         ;                 ; --       ; --           ;
; C21      ; 375        ; 4        ; GND*                                     ;        ;              ;         ; Column I/O ;                 ; no       ; Off          ;
; C22      ; 374        ; 4        ; GND*                                     ;        ;              ;         ; Column I/O ;                 ; no       ; Off          ;
; C23      ; 373        ; 4        ; GND*                                     ;        ;              ;         ; Column I/O ;                 ; no       ; Off          ;
; C24      ; 360        ; 5        ; GND*                                     ;        ;              ;         ; Row I/O    ;                 ; no       ; Off          ;
; C25      ; 361        ; 5        ; GND*                                     ;        ;              ;         ; Row I/O    ;                 ; no       ; Off          ;
; C26      ;            ; 5        ; VCCIO5                                   ; power  ;              ; 3.3V    ; --         ;                 ; --       ; --           ;
; D1       ; 13         ; 2        ; GND*                                     ;        ;              ;         ; Row I/O    ;                 ; no       ; Off          ;
; D2       ; 12         ; 2        ; GND*                                     ;        ;              ;         ; Row I/O    ;                 ; no       ; Off          ;
; D3       ; 1          ; 2        ; ~nCSO~ / RESERVED_INPUT_WITH_WEAK_PULLUP ; input  ; 3.3-V LVTTL  ;         ; Row I/O    ; N               ; no       ; On           ;
; D4       ;            ;          ; GND                                      ; gnd    ;              ;         ; --         ;                 ; --       ; --           ;
; D5       ; 477        ; 3        ; GND*                                     ;        ;              ;         ; Column I/O ;                 ; no       ; Off          ;
; D6       ; 467        ; 3        ; VGA_BLANK_N                              ; output ; 3.3-V LVTTL  ;         ; Column I/O ; Y               ; no       ; Off          ;
; D7       ; 469        ; 3        ; GND*                                     ;        ;              ;         ; Column I/O ;                 ; no       ; Off          ;
; D8       ; 464        ; 3        ; VGA_VS                                   ; output ; 3.3-V LVTTL  ;         ; Column I/O ; Y               ; no       ; Off          ;
; D9       ; 460        ; 3        ; VGA_R[3]                                 ; output ; 3.3-V LVTTL  ;         ; Column I/O ; Y               ; no       ; Off          ;
; D10      ; 449        ; 3        ; VGA_G[3]                                 ; output ; 3.3-V LVTTL  ;         ; Column I/O ; Y               ; no       ; Off          ;
; D11      ; 445        ; 3        ; VGA_G[7]                                 ; output ; 3.3-V LVTTL  ;         ; Column I/O ; Y               ; no       ; Off          ;
; D12      ; 443        ; 3        ; GND*                                     ;        ;              ;         ; Column I/O ;                 ; no       ; Off          ;
; D13      ; 432        ; 3        ; GND+                                     ;        ;              ;         ; Column I/O ;                 ; --       ; --           ;
; D14      ; 426        ; 4        ; GND*                                     ;        ;              ;         ; Column I/O ;                 ; no       ; Off          ;
; D15      ; 417        ; 4        ; GND*                                     ;        ;              ;         ; Column I/O ;                 ; no       ; Off          ;
; D16      ; 415        ; 4        ; GND*                                     ;        ;              ;         ; Column I/O ;                 ; --       ; --           ;
; D17      ; 403        ; 4        ; GND*                                     ;        ;              ;         ; Column I/O ;                 ; no       ; Off          ;
; D18      ; 396        ; 4        ; GND*                                     ;        ;              ;         ; Column I/O ;                 ; no       ; Off          ;
; D19      ; 392        ; 4        ; GND*                                     ;        ;              ;         ; Column I/O ;                 ; no       ; Off          ;
; D20      ; 387        ; 4        ; GND*                                     ;        ;              ;         ; Column I/O ;                 ; no       ; Off          ;
; D21      ; 376        ; 4        ; GND*                                     ;        ;              ;         ; Column I/O ;                 ; no       ; Off          ;
; D22      ;            ; 4        ; VCCIO4                                   ; power  ;              ; 3.3V    ; --         ;                 ; --       ; --           ;
; D23      ; 369        ; 5        ; GND*                                     ;        ;              ;         ; Row I/O    ;                 ; no       ; Off          ;
; D24      ;            ;          ; GND                                      ; gnd    ;              ;         ; --         ;                 ; --       ; --           ;
; D25      ; 358        ; 5        ; GND*                                     ;        ;              ;         ; Row I/O    ;                 ; no       ; Off          ;
; D26      ; 359        ; 5        ; GND*                                     ;        ;              ;         ; Row I/O    ;                 ; no       ; Off          ;
; E1       ; 20         ; 2        ; GND*                                     ;        ;              ;         ; Row I/O    ;                 ; no       ; Off          ;
; E2       ; 19         ; 2        ; GND*                                     ;        ;              ;         ; Row I/O    ;                 ; no       ; Off          ;
; E3       ; 0          ; 2        ; ~ASDO~ / RESERVED_INPUT_WITH_WEAK_PULLUP ; input  ; 3.3-V LVTTL  ;         ; Row I/O    ; N               ; no       ; On           ;
; E4       ;            ;          ; GND_PLL3                                 ; gnd    ;              ;         ; --         ;                 ; --       ; --           ;
; E5       ; 4          ; 2        ; GND*                                     ;        ;              ;         ; Row I/O    ;                 ; no       ; Off          ;
; E6       ;            ; 3        ; VCCIO3                                   ; power  ;              ; 3.3V    ; --         ;                 ; --       ; --           ;
; E7       ;            ;          ; GND                                      ; gnd    ;              ;         ; --         ;                 ; --       ; --           ;
; E8       ; 474        ; 3        ; GND*                                     ;        ;              ;         ; Column I/O ;                 ; --       ; --           ;
; E9       ;            ; 3        ; VCCIO3                                   ; power  ;              ; 3.3V    ; --         ;                 ; --       ; --           ;
; E10      ; 453        ; 3        ; GND*                                     ;        ;              ;         ; Column I/O ;                 ; no       ; Off          ;
; E11      ;            ;          ; GND                                      ; gnd    ;              ;         ; --         ;                 ; --       ; --           ;
; E12      ; 444        ; 3        ; GND*                                     ;        ;              ;         ; Column I/O ;                 ; no       ; Off          ;
; E13      ;            ; 3        ; VCCIO3                                   ; power  ;              ; 3.3V    ; --         ;                 ; --       ; --           ;
; E14      ;            ; 4        ; VCCIO4                                   ; power  ;              ; 3.3V    ; --         ;                 ; --       ; --           ;
; E15      ; 416        ; 4        ; GND*                                     ;        ;              ;         ; Column I/O ;                 ; no       ; Off          ;
; E16      ;            ;          ; GND                                      ; gnd    ;              ;         ; --         ;                 ; --       ; --           ;
; E17      ;            ; 4        ; VCCIO4                                   ; power  ;              ; 3.3V    ; --         ;                 ; --       ; --           ;
; E18      ; 395        ; 4        ; GND*                                     ;        ;              ;         ; Column I/O ;                 ; no       ; Off          ;
; E19      ;            ;          ; GND                                      ; gnd    ;              ;         ; --         ;                 ; --       ; --           ;
; E20      ; 388        ; 4        ; GND*                                     ;        ;              ;         ; Column I/O ;                 ; --       ; --           ;
; E21      ;            ;          ; GND_PLL2                                 ; gnd    ;              ;         ; --         ;                 ; --       ; --           ;
; E22      ; 370        ; 5        ; GND*                                     ;        ;              ;         ; Row I/O    ;                 ; no       ; Off          ;
; E23      ; 365        ; 5        ; GND*                                     ;        ;              ;         ; Row I/O    ;                 ; no       ; Off          ;
; E24      ; 364        ; 5        ; GND*                                     ;        ;              ;         ; Row I/O    ;                 ; no       ; Off          ;
; E25      ; 355        ; 5        ; GND*                                     ;        ;              ;         ; Row I/O    ;                 ; no       ; Off          ;
; E26      ; 356        ; 5        ; GND*                                     ;        ;              ;         ; Row I/O    ;                 ; no       ; Off          ;
; F1       ; 29         ; 2        ; GND*                                     ;        ;              ;         ; Row I/O    ;                 ; no       ; Off          ;
; F2       ; 28         ; 2        ; GND*                                     ;        ;              ;         ; Row I/O    ;                 ; no       ; Off          ;
; F3       ; 10         ; 2        ; GND*                                     ;        ;              ;         ; Row I/O    ;                 ; no       ; Off          ;
; F4       ; 11         ; 2        ; GND*                                     ;        ;              ;         ; Row I/O    ;                 ; no       ; Off          ;
; F5       ;            ; 2        ; VCCIO2                                   ; power  ;              ; 3.3V    ; --         ;                 ; --       ; --           ;
; F6       ; 5          ; 2        ; GND*                                     ;        ;              ;         ; Row I/O    ;                 ; no       ; Off          ;
; F7       ; 14         ; 2        ; GND*                                     ;        ;              ;         ; Row I/O    ;                 ; no       ; Off          ;
; F8       ;            ;          ; GNDA_PLL3                                ; gnd    ;              ;         ; --         ;                 ; --       ; --           ;
; F9       ; 470        ; 3        ; GND*                                     ;        ;              ;         ; Column I/O ;                 ; no       ; Off          ;
; F10      ; 462        ; 3        ; VGA_R[1]                                 ; output ; 3.3-V LVTTL  ;         ; Column I/O ; Y               ; no       ; Off          ;
; F11      ; 454        ; 3        ; GND*                                     ;        ;              ;         ; Column I/O ;                 ; no       ; Off          ;
; F12      ; 440        ; 3        ; VGA_B[2]                                 ; output ; 3.3-V LVTTL  ;         ; Column I/O ; Y               ; no       ; Off          ;
; F13      ; 423        ; 4        ; GND*                                     ;        ;              ;         ; Column I/O ;                 ; no       ; Off          ;
; F14      ; 425        ; 4        ; GND*                                     ;        ;              ;         ; Column I/O ;                 ; no       ; Off          ;
; F15      ; 409        ; 4        ; GND*                                     ;        ;              ;         ; Column I/O ;                 ; no       ; Off          ;
; F16      ; 408        ; 4        ; GND*                                     ;        ;              ;         ; Column I/O ;                 ; no       ; Off          ;
; F17      ; 401        ; 4        ; GND*                                     ;        ;              ;         ; Column I/O ;                 ; no       ; Off          ;
; F18      ; 398        ; 4        ; GND*                                     ;        ;              ;         ; Column I/O ;                 ; no       ; Off          ;
; F19      ;            ;          ; GNDA_PLL2                                ; gnd    ;              ;         ; --         ;                 ; --       ; --           ;
; F20      ; 372        ; 5        ; GND*                                     ;        ;              ;         ; Row I/O    ;                 ; no       ; Off          ;
; F21      ; 371        ; 5        ; GND*                                     ;        ;              ;         ; Row I/O    ;                 ; no       ; Off          ;
; F22      ;            ; 5        ; VCCIO5                                   ; power  ;              ; 3.3V    ; --         ;                 ; --       ; --           ;
; F23      ; 353        ; 5        ; GND*                                     ;        ;              ;         ; Row I/O    ;                 ; no       ; Off          ;
; F24      ; 354        ; 5        ; GND*                                     ;        ;              ;         ; Row I/O    ;                 ; no       ; Off          ;
; F25      ; 350        ; 5        ; GND*                                     ;        ;              ;         ; Row I/O    ;                 ; no       ; Off          ;
; F26      ; 349        ; 5        ; GND*                                     ;        ;              ;         ; Row I/O    ;                 ; no       ; Off          ;
; G1       ; 30         ; 2        ; GND*                                     ;        ;              ;         ; Row I/O    ;                 ; no       ; Off          ;
; G2       ; 31         ; 2        ; GND*                                     ;        ;              ;         ; Row I/O    ;                 ; no       ; Off          ;
; G3       ; 24         ; 2        ; GND*                                     ;        ;              ;         ; Row I/O    ;                 ; no       ; Off          ;
; G4       ; 23         ; 2        ; GND*                                     ;        ;              ;         ; Row I/O    ;                 ; no       ; Off          ;
; G5       ; 8          ; 2        ; GND*                                     ;        ;              ;         ; Row I/O    ;                 ; no       ; Off          ;
; G6       ; 9          ; 2        ; GND*                                     ;        ;              ;         ; Row I/O    ;                 ; no       ; Off          ;
; G7       ;            ;          ; GND_PLL3                                 ; gnd    ;              ;         ; --         ;                 ; --       ; --           ;
; G8       ;            ;          ; VCCA_PLL3                                ; power  ;              ; 1.2V    ; --         ;                 ; --       ; --           ;
; G9       ; 471        ; 3        ; GND*                                     ;        ;              ;         ; Column I/O ;                 ; no       ; Off          ;
; G10      ; 461        ; 3        ; VGA_R[2]                                 ; output ; 3.3-V LVTTL  ;         ; Column I/O ; Y               ; no       ; Off          ;
; G11      ; 446        ; 3        ; VGA_G[6]                                 ; output ; 3.3-V LVTTL  ;         ; Column I/O ; Y               ; no       ; Off          ;
; G12      ; 439        ; 3        ; VGA_B[3]                                 ; output ; 3.3-V LVTTL  ;         ; Column I/O ; Y               ; no       ; Off          ;
; G13      ; 422        ; 4        ; GND*                                     ;        ;              ;         ; Column I/O ;                 ; no       ; Off          ;
; G14      ; 424        ; 4        ; GND*                                     ;        ;              ;         ; Column I/O ;                 ; no       ; Off          ;
; G15      ; 410        ; 4        ; GND*                                     ;        ;              ;         ; Column I/O ;                 ; no       ; Off          ;
; G16      ; 407        ; 4        ; GND*                                     ;        ;              ;         ; Column I/O ;                 ; no       ; Off          ;
; G17      ; 402        ; 4        ; GND*                                     ;        ;              ;         ; Column I/O ;                 ; no       ; Off          ;
; G18      ; 397        ; 4        ; GND*                                     ;        ;              ;         ; Column I/O ;                 ; no       ; Off          ;
; G19      ;            ;          ; VCCA_PLL2                                ; power  ;              ; 1.2V    ; --         ;                 ; --       ; --           ;
; G20      ;            ;          ; GND_PLL2                                 ; gnd    ;              ;         ; --         ;                 ; --       ; --           ;
; G21      ; 368        ; 5        ; GND*                                     ;        ;              ;         ; Row I/O    ;                 ; no       ; Off          ;
; G22      ; 367        ; 5        ; GND*                                     ;        ;              ;         ; Row I/O    ;                 ; no       ; Off          ;
; G23      ; 346        ; 5        ; GND*                                     ;        ;              ;         ; Row I/O    ;                 ; no       ; Off          ;
; G24      ; 345        ; 5        ; GND*                                     ;        ;              ;         ; Row I/O    ;                 ; no       ; Off          ;
; G25      ; 343        ; 5        ; GND*                                     ;        ;              ;         ; Row I/O    ;                 ; no       ; Off          ;
; G26      ; 342        ; 5        ; KEY[0]                                   ; input  ; 3.3-V LVTTL  ;         ; Row I/O    ; Y               ; no       ; Off          ;
; H1       ; 37         ; 2        ; GND*                                     ;        ;              ;         ; Row I/O    ;                 ; no       ; Off          ;
; H2       ; 36         ; 2        ; GND*                                     ;        ;              ;         ; Row I/O    ;                 ; no       ; Off          ;
; H3       ; 32         ; 2        ; GND*                                     ;        ;              ;         ; Row I/O    ;                 ; no       ; Off          ;
; H4       ; 33         ; 2        ; GND*                                     ;        ;              ;         ; Row I/O    ;                 ; no       ; Off          ;
; H5       ;            ;          ; GND                                      ; gnd    ;              ;         ; --         ;                 ; --       ; --           ;
; H6       ; 18         ; 2        ; GND*                                     ;        ;              ;         ; Row I/O    ;                 ; no       ; Off          ;
; H7       ;            ;          ; VCCD_PLL3                                ; power  ;              ; 1.2V    ; --         ;                 ; --       ; --           ;
; H8       ; 473        ; 3        ; GND*                                     ;        ;              ;         ; Column I/O ;                 ; no       ; Off          ;
; H9       ;            ; 3        ; VCCIO3                                   ; power  ;              ; 3.3V    ; --         ;                 ; --       ; --           ;
; H10      ; 472        ; 3        ; GND*                                     ;        ;              ;         ; Column I/O ;                 ; no       ; Off          ;
; H11      ; 456        ; 3        ; VGA_R[6]                                 ; output ; 3.3-V LVTTL  ;         ; Column I/O ; Y               ; no       ; Off          ;
; H12      ; 455        ; 3        ; VGA_R[7]                                 ; output ; 3.3-V LVTTL  ;         ; Column I/O ; Y               ; no       ; Off          ;
; H13      ;            ;          ; GND                                      ; gnd    ;              ;         ; --         ;                 ; --       ; --           ;
; H14      ;            ;          ; GND                                      ; gnd    ;              ;         ; --         ;                 ; --       ; --           ;
; H15      ; 414        ; 4        ; GND*                                     ;        ;              ;         ; Column I/O ;                 ; no       ; Off          ;
; H16      ; 413        ; 4        ; GND*                                     ;        ;              ;         ; Column I/O ;                 ; no       ; Off          ;
; H17      ; 400        ; 4        ; GND*                                     ;        ;              ;         ; Column I/O ;                 ; no       ; Off          ;
; H18      ;            ; 4        ; VCCIO4                                   ; power  ;              ; 3.3V    ; --         ;                 ; --       ; --           ;
; H19      ; 335        ; 5        ; GND*                                     ;        ;              ;         ; Row I/O    ;                 ; no       ; Off          ;
; H20      ;            ;          ; VCCD_PLL2                                ; power  ;              ; 1.2V    ; --         ;                 ; --       ; --           ;
; H21      ; 366        ; 5        ; GND*                                     ;        ;              ;         ; Row I/O    ;                 ; no       ; Off          ;
; H22      ;            ;          ; GND                                      ; gnd    ;              ;         ; --         ;                 ; --       ; --           ;
; H23      ; 341        ; 5        ; GND*                                     ;        ;              ;         ; Row I/O    ;                 ; no       ; Off          ;
; H24      ; 340        ; 5        ; GND*                                     ;        ;              ;         ; Row I/O    ;                 ; no       ; Off          ;
; H25      ; 337        ; 5        ; GND*                                     ;        ;              ;         ; Row I/O    ;                 ; no       ; Off          ;
; H26      ; 336        ; 5        ; GND*                                     ;        ;              ;         ; Row I/O    ;                 ; no       ; Off          ;
; J1       ; 39         ; 2        ; GND*                                     ;        ;              ;         ; Row I/O    ;                 ; no       ; Off          ;
; J2       ; 38         ; 2        ; GND*                                     ;        ;              ;         ; Row I/O    ;                 ; no       ; Off          ;
; J3       ; 34         ; 2        ; GND*                                     ;        ;              ;         ; Row I/O    ;                 ; no       ; Off          ;
; J4       ; 35         ; 2        ; GND*                                     ;        ;              ;         ; Row I/O    ;                 ; no       ; Off          ;
; J5       ; 15         ; 2        ; GND*                                     ;        ;              ;         ; Row I/O    ;                 ; --       ; --           ;
; J6       ; 25         ; 2        ; GND*                                     ;        ;              ;         ; Row I/O    ;                 ; no       ; Off          ;
; J7       ; 17         ; 2        ; GND*                                     ;        ;              ;         ; Row I/O    ;                 ; no       ; Off          ;
; J8       ; 16         ; 2        ; GND*                                     ;        ;              ;         ; Row I/O    ;                 ; no       ; Off          ;
; J9       ; 475        ; 3        ; GND*                                     ;        ;              ;         ; Column I/O ;                 ; no       ; Off          ;
; J10      ; 438        ; 3        ; VGA_B[4]                                 ; output ; 3.3-V LVTTL  ;         ; Column I/O ; Y               ; no       ; Off          ;
; J11      ; 437        ; 3        ; VGA_B[5]                                 ; output ; 3.3-V LVTTL  ;         ; Column I/O ; Y               ; no       ; Off          ;
; J12      ;            ; 3        ; VCCIO3                                   ; power  ;              ; 3.3V    ; --         ;                 ; --       ; --           ;
; J13      ; 442        ; 3        ; VGA_B[0]                                 ; output ; 3.3-V LVTTL  ;         ; Column I/O ; Y               ; no       ; Off          ;
; J14      ; 441        ; 3        ; VGA_B[1]                                 ; output ; 3.3-V LVTTL  ;         ; Column I/O ; Y               ; no       ; Off          ;
; J15      ;            ; 4        ; VCCIO4                                   ; power  ;              ; 3.3V    ; --         ;                 ; --       ; --           ;
; J16      ; 385        ; 4        ; GND*                                     ;        ;              ;         ; Column I/O ;                 ; no       ; Off          ;
; J17      ; 399        ; 4        ; GND*                                     ;        ;              ;         ; Column I/O ;                 ; no       ; Off          ;
; J18      ; 383        ; 4        ; GND*                                     ;        ;              ;         ; Column I/O ;                 ; no       ; Off          ;
; J19      ;            ; 5        ; VCCIO5                                   ; power  ;              ; 3.3V    ; --         ;                 ; --       ; --           ;
; J20      ; 351        ; 5        ; GND*                                     ;        ;              ;         ; Row I/O    ;                 ; no       ; Off          ;
; J21      ; 352        ; 5        ; GND*                                     ;        ;              ;         ; Row I/O    ;                 ; no       ; Off          ;
; J22      ; 357        ; 5        ; GND*                                     ;        ;              ;         ; Row I/O    ;                 ; --       ; --           ;
; J23      ; 339        ; 5        ; GND*                                     ;        ;              ;         ; Row I/O    ;                 ; no       ; Off          ;
; J24      ; 338        ; 5        ; GND*                                     ;        ;              ;         ; Row I/O    ;                 ; no       ; Off          ;
; J25      ; 327        ; 5        ; GND*                                     ;        ;              ;         ; Row I/O    ;                 ; no       ; Off          ;
; J26      ; 326        ; 5        ; GND*                                     ;        ;              ;         ; Row I/O    ;                 ; no       ; Off          ;
; K1       ; 42         ; 2        ; GND*                                     ;        ;              ;         ; Row I/O    ;                 ; no       ; Off          ;
; K2       ; 43         ; 2        ; GND*                                     ;        ;              ;         ; Row I/O    ;                 ; no       ; Off          ;
; K3       ; 41         ; 2        ; GND*                                     ;        ;              ;         ; Row I/O    ;                 ; no       ; Off          ;
; K4       ; 40         ; 2        ; GND*                                     ;        ;              ;         ; Row I/O    ;                 ; no       ; Off          ;
; K5       ; 22         ; 2        ; GND*                                     ;        ;              ;         ; Row I/O    ;                 ; no       ; Off          ;
; K6       ; 21         ; 2        ; GND*                                     ;        ;              ;         ; Row I/O    ;                 ; no       ; Off          ;
; K7       ; 27         ; 2        ; GND*                                     ;        ;              ;         ; Row I/O    ;                 ; no       ; Off          ;
; K8       ; 26         ; 2        ; GND*                                     ;        ;              ;         ; Row I/O    ;                 ; no       ; Off          ;
; K9       ; 476        ; 3        ; GND*                                     ;        ;              ;         ; Column I/O ;                 ; no       ; Off          ;
; K10      ;            ;          ; VCCINT                                   ; power  ;              ; 1.2V    ; --         ;                 ; --       ; --           ;
; K11      ;            ;          ; VCCINT                                   ; power  ;              ; 1.2V    ; --         ;                 ; --       ; --           ;
; K12      ;            ;          ; VCCINT                                   ; power  ;              ; 1.2V    ; --         ;                 ; --       ; --           ;
; K13      ;            ;          ; VCCINT                                   ; power  ;              ; 1.2V    ; --         ;                 ; --       ; --           ;
; K14      ;            ;          ; VCCINT                                   ; power  ;              ; 1.2V    ; --         ;                 ; --       ; --           ;
; K15      ;            ;          ; VCCINT                                   ; power  ;              ; 1.2V    ; --         ;                 ; --       ; --           ;
; K16      ; 386        ; 4        ; GND*                                     ;        ;              ;         ; Column I/O ;                 ; no       ; Off          ;
; K17      ; 384        ; 4        ; GND*                                     ;        ;              ;         ; Column I/O ;                 ; no       ; Off          ;
; K18      ; 334        ; 5        ; GND*                                     ;        ;              ;         ; Row I/O    ;                 ; no       ; Off          ;
; K19      ; 333        ; 5        ; GND*                                     ;        ;              ;         ; Row I/O    ;                 ; no       ; Off          ;
; K20      ;            ;          ; GND                                      ; gnd    ;              ;         ; --         ;                 ; --       ; --           ;
; K21      ; 332        ; 5        ; GND*                                     ;        ;              ;         ; Row I/O    ;                 ; no       ; Off          ;
; K22      ; 344        ; 5        ; GND*                                     ;        ;              ;         ; Row I/O    ;                 ; no       ; Off          ;
; K23      ; 331        ; 5        ; GND*                                     ;        ;              ;         ; Row I/O    ;                 ; no       ; Off          ;
; K24      ; 330        ; 5        ; GND*                                     ;        ;              ;         ; Row I/O    ;                 ; no       ; Off          ;
; K25      ; 321        ; 5        ; GND*                                     ;        ;              ;         ; Row I/O    ;                 ; no       ; Off          ;
; K26      ; 320        ; 5        ; GND*                                     ;        ;              ;         ; Row I/O    ;                 ; no       ; Off          ;
; L1       ;            ; 2        ; VCCIO2                                   ; power  ;              ; 3.3V    ; --         ;                 ; --       ; --           ;
; L2       ; 50         ; 2        ; GND*                                     ;        ;              ;         ; Row I/O    ;                 ; no       ; Off          ;
; L3       ; 51         ; 2        ; GND*                                     ;        ;              ;         ; Row I/O    ;                 ; no       ; Off          ;
; L4       ; 44         ; 2        ; GND*                                     ;        ;              ;         ; Row I/O    ;                 ; --       ; --           ;
; L5       ;            ;          ; GND                                      ; gnd    ;              ;         ; --         ;                 ; --       ; --           ;
; L6       ; 48         ; 2        ; GND*                                     ;        ;              ;         ; Row I/O    ;                 ; no       ; Off          ;
; L7       ; 47         ; 2        ; GND*                                     ;        ;              ;         ; Row I/O    ;                 ; no       ; Off          ;
; L8       ; 59         ; 2        ; #TMS                                     ; input  ;              ;         ; --         ;                 ; --       ; --           ;
; L9       ; 49         ; 2        ; GND*                                     ;        ;              ;         ; Row I/O    ;                 ; no       ; Off          ;
; L10      ; 52         ; 2        ; GND*                                     ;        ;              ;         ; Row I/O    ;                 ; no       ; Off          ;
; L11      ;            ;          ; VCCINT                                   ; power  ;              ; 1.2V    ; --         ;                 ; --       ; --           ;
; L12      ;            ;          ; GND                                      ; gnd    ;              ;         ; --         ;                 ; --       ; --           ;
; L13      ;            ;          ; GND                                      ; gnd    ;              ;         ; --         ;                 ; --       ; --           ;
; L14      ;            ;          ; GND                                      ; gnd    ;              ;         ; --         ;                 ; --       ; --           ;
; L15      ;            ;          ; GND                                      ; gnd    ;              ;         ; --         ;                 ; --       ; --           ;
; L16      ;            ;          ; VCCINT                                   ; power  ;              ; 1.2V    ; --         ;                 ; --       ; --           ;
; L17      ;            ;          ; VCCINT                                   ; power  ;              ; 1.2V    ; --         ;                 ; --       ; --           ;
; L18      ;            ;          ; VCCINT                                   ; power  ;              ; 1.2V    ; --         ;                 ; --       ; --           ;
; L19      ; 322        ; 5        ; GND*                                     ;        ;              ;         ; Row I/O    ;                 ; no       ; Off          ;
; L20      ; 328        ; 5        ; GND*                                     ;        ;              ;         ; Row I/O    ;                 ; no       ; Off          ;
; L21      ; 329        ; 5        ; GND*                                     ;        ;              ;         ; Row I/O    ;                 ; no       ; Off          ;
; L22      ;            ;          ; GND                                      ; gnd    ;              ;         ; --         ;                 ; --       ; --           ;
; L23      ; 325        ; 5        ; GND*                                     ;        ;              ;         ; Row I/O    ;                 ; --       ; --           ;
; L24      ; 324        ; 5        ; GND*                                     ;        ;              ;         ; Row I/O    ;                 ; no       ; Off          ;
; L25      ; 323        ; 5        ; GND*                                     ;        ;              ;         ; Row I/O    ;                 ; no       ; Off          ;
; L26      ;            ; 5        ; VCCIO5                                   ; power  ;              ; 3.3V    ; --         ;                 ; --       ; --           ;
; M1       ;            ;          ; GND                                      ; gnd    ;              ;         ; --         ;                 ; --       ; --           ;
; M2       ; 56         ; 2        ; GND*                                     ;        ;              ;         ; Row I/O    ;                 ; no       ; Off          ;
; M3       ; 55         ; 2        ; GND*                                     ;        ;              ;         ; Row I/O    ;                 ; no       ; Off          ;
; M4       ; 53         ; 2        ; GND*                                     ;        ;              ;         ; Row I/O    ;                 ; no       ; Off          ;
; M5       ; 54         ; 2        ; GND*                                     ;        ;              ;         ; Row I/O    ;                 ; no       ; Off          ;
; M6       ; 58         ; 2        ; #TCK                                     ; input  ;              ;         ; --         ;                 ; --       ; --           ;
; M7       ; 60         ; 2        ; #TDO                                     ; output ;              ;         ; --         ;                 ; --       ; --           ;
; M8       ; 57         ; 2        ; #TDI                                     ; input  ;              ;         ; --         ;                 ; --       ; --           ;
; M9       ;            ; 2        ; VCCIO2                                   ; power  ;              ; 3.3V    ; --         ;                 ; --       ; --           ;
; M10      ;            ;          ; VCCINT                                   ; power  ;              ; 1.2V    ; --         ;                 ; --       ; --           ;
; M11      ;            ;          ; VCCINT                                   ; power  ;              ; 1.2V    ; --         ;                 ; --       ; --           ;
; M12      ;            ;          ; GND                                      ; gnd    ;              ;         ; --         ;                 ; --       ; --           ;
; M13      ;            ;          ; GND                                      ; gnd    ;              ;         ; --         ;                 ; --       ; --           ;
; M14      ;            ;          ; GND                                      ; gnd    ;              ;         ; --         ;                 ; --       ; --           ;
; M15      ;            ;          ; GND                                      ; gnd    ;              ;         ; --         ;                 ; --       ; --           ;
; M16      ;            ;          ; VCCINT                                   ; power  ;              ; 1.2V    ; --         ;                 ; --       ; --           ;
; M17      ;            ;          ; VCCINT                                   ; power  ;              ; 1.2V    ; --         ;                 ; --       ; --           ;
; M18      ;            ; 5        ; VCCIO5                                   ; power  ;              ; 3.3V    ; --         ;                 ; --       ; --           ;
; M19      ; 317        ; 5        ; GND*                                     ;        ;              ;         ; Row I/O    ;                 ; no       ; Off          ;
; M20      ; 316        ; 5        ; GND*                                     ;        ;              ;         ; Row I/O    ;                 ; no       ; Off          ;
; M21      ; 314        ; 5        ; GND*                                     ;        ;              ;         ; Row I/O    ;                 ; no       ; Off          ;
; M22      ; 319        ; 5        ; GND*                                     ;        ;              ;         ; Row I/O    ;                 ; no       ; Off          ;
; M23      ; 318        ; 5        ; GND*                                     ;        ;              ;         ; Row I/O    ;                 ; no       ; Off          ;
; M24      ; 313        ; 5        ; GND*                                     ;        ;              ;         ; Row I/O    ;                 ; no       ; Off          ;
; M25      ; 312        ; 5        ; GND*                                     ;        ;              ;         ; Row I/O    ;                 ; no       ; Off          ;
; M26      ;            ;          ; GND                                      ; gnd    ;              ;         ; --         ;                 ; --       ; --           ;
; N1       ; 65         ; 2        ; SW[10]                                   ; input  ; 3.3-V LVTTL  ;         ; Row I/O    ; Y               ; no       ; Off          ;
; N2       ; 64         ; 2        ; CLOCK_50                                 ; input  ; 3.3-V LVTTL  ;         ; Row I/O    ; Y               ; no       ; Off          ;
; N3       ; 62         ; 2        ; ^DATA0                                   ; input  ;              ;         ; --         ;                 ; --       ; --           ;
; N4       ; 63         ; 2        ; ^nCE                                     ;        ;              ;         ; --         ;                 ; --       ; --           ;
; N5       ;            ; 2        ; VCCIO2                                   ; power  ;              ; 3.3V    ; --         ;                 ; --       ; --           ;
; N6       ; 61         ; 2        ; ^DCLK                                    ;        ;              ;         ; --         ;                 ; --       ; --           ;
; N7       ; 66         ; 2        ; ^nCONFIG                                 ;        ;              ;         ; --         ;                 ; --       ; --           ;
; N8       ;            ;          ; GND                                      ; gnd    ;              ;         ; --         ;                 ; --       ; --           ;
; N9       ; 45         ; 2        ; GND*                                     ;        ;              ;         ; Row I/O    ;                 ; no       ; Off          ;
; N10      ;            ;          ; VCCINT                                   ; power  ;              ; 1.2V    ; --         ;                 ; --       ; --           ;
; N11      ;            ;          ; GND                                      ; gnd    ;              ;         ; --         ;                 ; --       ; --           ;
; N12      ;            ;          ; GND                                      ; gnd    ;              ;         ; --         ;                 ; --       ; --           ;
; N13      ;            ;          ; GND                                      ; gnd    ;              ;         ; --         ;                 ; --       ; --           ;
; N14      ;            ;          ; GND                                      ; gnd    ;              ;         ; --         ;                 ; --       ; --           ;
; N15      ;            ;          ; GND                                      ; gnd    ;              ;         ; --         ;                 ; --       ; --           ;
; N16      ;            ;          ; GND                                      ; gnd    ;              ;         ; --         ;                 ; --       ; --           ;
; N17      ;            ;          ; VCCINT                                   ; power  ;              ; 1.2V    ; --         ;                 ; --       ; --           ;
; N18      ; 348        ; 5        ; GND*                                     ;        ;              ;         ; Row I/O    ;                 ; no       ; Off          ;
; N19      ;            ;          ; GND                                      ; gnd    ;              ;         ; --         ;                 ; --       ; --           ;
; N20      ; 315        ; 5        ; GND*                                     ;        ;              ;         ; Row I/O    ;                 ; no       ; Off          ;
; N21      ;            ;          ; NC                                       ;        ;              ;         ; --         ;                 ; --       ; --           ;
; N22      ;            ; 5        ; VCCIO5                                   ; power  ;              ; 3.3V    ; --         ;                 ; --       ; --           ;
; N23      ; 311        ; 5        ; KEY[1]                                   ; input  ; 3.3-V LVTTL  ;         ; Row I/O    ; Y               ; no       ; Off          ;
; N24      ; 310        ; 5        ; GND*                                     ;        ;              ;         ; Row I/O    ;                 ; no       ; Off          ;
; N25      ; 309        ; 5        ; SW[0]                                    ; input  ; 3.3-V LVTTL  ;         ; Row I/O    ; Y               ; no       ; Off          ;
; N26      ; 308        ; 5        ; SW[1]                                    ; input  ; 3.3-V LVTTL  ;         ; Row I/O    ; Y               ; no       ; Off          ;
; P1       ; 68         ; 1        ; SW[11]                                   ; input  ; 3.3-V LVTTL  ;         ; Row I/O    ; Y               ; no       ; Off          ;
; P2       ; 67         ; 1        ; SW[12]                                   ; input  ; 3.3-V LVTTL  ;         ; Row I/O    ; Y               ; no       ; Off          ;
; P3       ; 69         ; 1        ; GND*                                     ;        ;              ;         ; Row I/O    ;                 ; no       ; Off          ;
; P4       ; 70         ; 1        ; GND*                                     ;        ;              ;         ; Row I/O    ;                 ; no       ; Off          ;
; P5       ;            ; 1        ; VCCIO1                                   ; power  ;              ; 3.3V    ; --         ;                 ; --       ; --           ;
; P6       ; 78         ; 1        ; GND*                                     ;        ;              ;         ; Row I/O    ;                 ; no       ; Off          ;
; P7       ; 77         ; 1        ; GND*                                     ;        ;              ;         ; Row I/O    ;                 ; no       ; Off          ;
; P8       ;            ;          ; GND                                      ; gnd    ;              ;         ; --         ;                 ; --       ; --           ;
; P9       ; 46         ; 2        ; GND*                                     ;        ;              ;         ; Row I/O    ;                 ; no       ; Off          ;
; P10      ;            ;          ; VCCINT                                   ; power  ;              ; 1.2V    ; --         ;                 ; --       ; --           ;
; P11      ;            ;          ; GND                                      ; gnd    ;              ;         ; --         ;                 ; --       ; --           ;
; P12      ;            ;          ; GND                                      ; gnd    ;              ;         ; --         ;                 ; --       ; --           ;
; P13      ;            ;          ; GND                                      ; gnd    ;              ;         ; --         ;                 ; --       ; --           ;
; P14      ;            ;          ; GND                                      ; gnd    ;              ;         ; --         ;                 ; --       ; --           ;
; P15      ;            ;          ; GND                                      ; gnd    ;              ;         ; --         ;                 ; --       ; --           ;
; P16      ;            ;          ; GND                                      ; gnd    ;              ;         ; --         ;                 ; --       ; --           ;
; P17      ; 293        ; 6        ; GND*                                     ;        ;              ;         ; Row I/O    ;                 ; no       ; Off          ;
; P18      ; 347        ; 5        ; GND*                                     ;        ;              ;         ; Row I/O    ;                 ; no       ; Off          ;
; P19      ;            ;          ; GND                                      ; gnd    ;              ;         ; --         ;                 ; --       ; --           ;
; P20      ; 301        ; 6        ; ^MSEL0                                   ;        ;              ;         ; --         ;                 ; --       ; --           ;
; P21      ; 300        ; 6        ; ^MSEL1                                   ;        ;              ;         ; --         ;                 ; --       ; --           ;
; P22      ;            ; 6        ; VCCIO6                                   ; power  ;              ; 3.3V    ; --         ;                 ; --       ; --           ;
; P23      ; 305        ; 6        ; KEY[2]                                   ; input  ; 3.3-V LVTTL  ;         ; Row I/O    ; Y               ; no       ; Off          ;
; P24      ; 304        ; 6        ; GND*                                     ;        ;              ;         ; Row I/O    ;                 ; no       ; Off          ;
; P25      ; 307        ; 6        ; SW[2]                                    ; input  ; 3.3-V LVTTL  ;         ; Row I/O    ; Y               ; no       ; Off          ;
; P26      ; 306        ; 6        ; GND+                                     ;        ;              ;         ; Row I/O    ;                 ; --       ; --           ;
; R1       ;            ;          ; GND                                      ; gnd    ;              ;         ; --         ;                 ; --       ; --           ;
; R2       ; 71         ; 1        ; GND*                                     ;        ;              ;         ; Row I/O    ;                 ; no       ; Off          ;
; R3       ; 72         ; 1        ; GND*                                     ;        ;              ;         ; Row I/O    ;                 ; no       ; Off          ;
; R4       ; 73         ; 1        ; GND*                                     ;        ;              ;         ; Row I/O    ;                 ; no       ; Off          ;
; R5       ; 74         ; 1        ; GND*                                     ;        ;              ;         ; Row I/O    ;                 ; no       ; Off          ;
; R6       ; 81         ; 1        ; GND*                                     ;        ;              ;         ; Row I/O    ;                 ; no       ; Off          ;
; R7       ; 82         ; 1        ; GND*                                     ;        ;              ;         ; Row I/O    ;                 ; no       ; Off          ;
; R8       ; 110        ; 1        ; GND*                                     ;        ;              ;         ; Row I/O    ;                 ; no       ; Off          ;
; R9       ;            ; 1        ; VCCIO1                                   ; power  ;              ; 3.3V    ; --         ;                 ; --       ; --           ;
; R10      ;            ;          ; VCCINT                                   ; power  ;              ; 1.2V    ; --         ;                 ; --       ; --           ;
; R11      ;            ;          ; VCCINT                                   ; power  ;              ; 1.2V    ; --         ;                 ; --       ; --           ;
; R12      ;            ;          ; GND                                      ; gnd    ;              ;         ; --         ;                 ; --       ; --           ;
; R13      ;            ;          ; GND                                      ; gnd    ;              ;         ; --         ;                 ; --       ; --           ;
; R14      ;            ;          ; GND                                      ; gnd    ;              ;         ; --         ;                 ; --       ; --           ;
; R15      ;            ;          ; GND                                      ; gnd    ;              ;         ; --         ;                 ; --       ; --           ;
; R16      ;            ;          ; VCCINT                                   ; power  ;              ; 1.2V    ; --         ;                 ; --       ; --           ;
; R17      ; 294        ; 6        ; GND*                                     ;        ;              ;         ; Row I/O    ;                 ; no       ; Off          ;
; R18      ;            ; 6        ; VCCIO6                                   ; power  ;              ; 3.3V    ; --         ;                 ; --       ; --           ;
; R19      ; 282        ; 6        ; GND*                                     ;        ;              ;         ; Row I/O    ;                 ; no       ; Off          ;
; R20      ; 297        ; 6        ; GND*                                     ;        ;              ;         ; Row I/O    ;                 ; no       ; Off          ;
; R21      ;            ;          ; GND                                      ; gnd    ;              ;         ; --         ;                 ; --       ; --           ;
; R22      ; 298        ; 6        ; ^nSTATUS                                 ;        ;              ;         ; --         ;                 ; --       ; --           ;
; R23      ; 299        ; 6        ; ^CONF_DONE                               ;        ;              ;         ; --         ;                 ; --       ; --           ;
; R24      ; 302        ; 6        ; GND*                                     ;        ;              ;         ; Row I/O    ;                 ; no       ; Off          ;
; R25      ; 303        ; 6        ; GND*                                     ;        ;              ;         ; Row I/O    ;                 ; no       ; Off          ;
; R26      ;            ;          ; GND                                      ; gnd    ;              ;         ; --         ;                 ; --       ; --           ;
; T1       ;            ; 1        ; VCCIO1                                   ; power  ;              ; 3.3V    ; --         ;                 ; --       ; --           ;
; T2       ; 79         ; 1        ; GND*                                     ;        ;              ;         ; Row I/O    ;                 ; no       ; Off          ;
; T3       ; 80         ; 1        ; GND*                                     ;        ;              ;         ; Row I/O    ;                 ; no       ; Off          ;
; T4       ; 83         ; 1        ; GND*                                     ;        ;              ;         ; Row I/O    ;                 ; --       ; --           ;
; T5       ;            ;          ; GND                                      ; gnd    ;              ;         ; --         ;                 ; --       ; --           ;
; T6       ; 93         ; 1        ; GND*                                     ;        ;              ;         ; Row I/O    ;                 ; no       ; Off          ;
; T7       ; 92         ; 1        ; SW[13]                                   ; input  ; 3.3-V LVTTL  ;         ; Row I/O    ; Y               ; no       ; Off          ;
; T8       ; 111        ; 1        ; GND*                                     ;        ;              ;         ; Row I/O    ;                 ; no       ; Off          ;
; T9       ; 76         ; 1        ; GND*                                     ;        ;              ;         ; Row I/O    ;                 ; no       ; Off          ;
; T10      ; 75         ; 1        ; GND*                                     ;        ;              ;         ; Row I/O    ;                 ; no       ; Off          ;
; T11      ;            ;          ; VCCINT                                   ; power  ;              ; 1.2V    ; --         ;                 ; --       ; --           ;
; T12      ;            ;          ; GND                                      ; gnd    ;              ;         ; --         ;                 ; --       ; --           ;
; T13      ;            ;          ; GND                                      ; gnd    ;              ;         ; --         ;                 ; --       ; --           ;
; T14      ;            ;          ; GND                                      ; gnd    ;              ;         ; --         ;                 ; --       ; --           ;
; T15      ;            ;          ; GND                                      ; gnd    ;              ;         ; --         ;                 ; --       ; --           ;
; T16      ;            ;          ; VCCINT                                   ; power  ;              ; 1.2V    ; --         ;                 ; --       ; --           ;
; T17      ; 289        ; 6        ; GND*                                     ;        ;              ;         ; Row I/O    ;                 ; no       ; Off          ;
; T18      ; 290        ; 6        ; GND*                                     ;        ;              ;         ; Row I/O    ;                 ; no       ; Off          ;
; T19      ; 281        ; 6        ; GND*                                     ;        ;              ;         ; Row I/O    ;                 ; no       ; Off          ;
; T20      ; 287        ; 6        ; GND*                                     ;        ;              ;         ; Row I/O    ;                 ; no       ; Off          ;
; T21      ; 288        ; 6        ; GND*                                     ;        ;              ;         ; Row I/O    ;                 ; --       ; --           ;
; T22      ; 296        ; 6        ; GND*                                     ;        ;              ;         ; Row I/O    ;                 ; no       ; Off          ;
; T23      ; 295        ; 6        ; GND*                                     ;        ;              ;         ; Row I/O    ;                 ; no       ; Off          ;
; T24      ; 292        ; 6        ; GND*                                     ;        ;              ;         ; Row I/O    ;                 ; no       ; Off          ;
; T25      ; 291        ; 6        ; GND*                                     ;        ;              ;         ; Row I/O    ;                 ; no       ; Off          ;
; T26      ;            ; 6        ; VCCIO6                                   ; power  ;              ; 3.3V    ; --         ;                 ; --       ; --           ;
; U1       ; 85         ; 1        ; GND*                                     ;        ;              ;         ; Row I/O    ;                 ; no       ; Off          ;
; U2       ; 84         ; 1        ; GND*                                     ;        ;              ;         ; Row I/O    ;                 ; no       ; Off          ;
; U3       ; 88         ; 1        ; SW[14]                                   ; input  ; 3.3-V LVTTL  ;         ; Row I/O    ; Y               ; no       ; Off          ;
; U4       ; 89         ; 1        ; SW[15]                                   ; input  ; 3.3-V LVTTL  ;         ; Row I/O    ; Y               ; no       ; Off          ;
; U5       ; 100        ; 1        ; GND*                                     ;        ;              ;         ; Row I/O    ;                 ; no       ; Off          ;
; U6       ; 98         ; 1        ; GND*                                     ;        ;              ;         ; Row I/O    ;                 ; no       ; Off          ;
; U7       ; 99         ; 1        ; GND*                                     ;        ;              ;         ; Row I/O    ;                 ; no       ; Off          ;
; U8       ;            ;          ; GND                                      ; gnd    ;              ;         ; --         ;                 ; --       ; --           ;
; U9       ; 86         ; 1        ; GND*                                     ;        ;              ;         ; Row I/O    ;                 ; no       ; Off          ;
; U10      ; 87         ; 1        ; GND*                                     ;        ;              ;         ; Row I/O    ;                 ; no       ; Off          ;
; U11      ;            ;          ; VCCINT                                   ; power  ;              ; 1.2V    ; --         ;                 ; --       ; --           ;
; U12      ; 178        ; 8        ; GND*                                     ;        ;              ;         ; Column I/O ;                 ; no       ; Off          ;
; U13      ;            ;          ; VCCINT                                   ; power  ;              ; 1.2V    ; --         ;                 ; --       ; --           ;
; U14      ;            ;          ; VCCINT                                   ; power  ;              ; 1.2V    ; --         ;                 ; --       ; --           ;
; U15      ;            ;          ; VCCINT                                   ; power  ;              ; 1.2V    ; --         ;                 ; --       ; --           ;
; U16      ;            ;          ; VCCINT                                   ; power  ;              ; 1.2V    ; --         ;                 ; --       ; --           ;
; U17      ; 231        ; 7        ; GND*                                     ;        ;              ;         ; Column I/O ;                 ; no       ; Off          ;
; U18      ; 232        ; 7        ; GND*                                     ;        ;              ;         ; Column I/O ;                 ; no       ; Off          ;
; U19      ;            ;          ; GND                                      ; gnd    ;              ;         ; --         ;                 ; --       ; --           ;
; U20      ; 280        ; 6        ; GND*                                     ;        ;              ;         ; Row I/O    ;                 ; no       ; Off          ;
; U21      ; 279        ; 6        ; GND*                                     ;        ;              ;         ; Row I/O    ;                 ; no       ; Off          ;
; U22      ; 270        ; 6        ; GND*                                     ;        ;              ;         ; Row I/O    ;                 ; no       ; Off          ;
; U23      ; 284        ; 6        ; GND*                                     ;        ;              ;         ; Row I/O    ;                 ; no       ; Off          ;
; U24      ; 283        ; 6        ; GND*                                     ;        ;              ;         ; Row I/O    ;                 ; no       ; Off          ;
; U25      ; 285        ; 6        ; GND*                                     ;        ;              ;         ; Row I/O    ;                 ; no       ; Off          ;
; U26      ; 286        ; 6        ; GND*                                     ;        ;              ;         ; Row I/O    ;                 ; no       ; Off          ;
; V1       ; 90         ; 1        ; SW[16]                                   ; input  ; 3.3-V LVTTL  ;         ; Row I/O    ; Y               ; no       ; Off          ;
; V2       ; 91         ; 1        ; SW[17]                                   ; input  ; 3.3-V LVTTL  ;         ; Row I/O    ; Y               ; no       ; Off          ;
; V3       ; 95         ; 1        ; GND*                                     ;        ;              ;         ; Row I/O    ;                 ; no       ; Off          ;
; V4       ; 94         ; 1        ; GND*                                     ;        ;              ;         ; Row I/O    ;                 ; no       ; Off          ;
; V5       ; 104        ; 1        ; GND*                                     ;        ;              ;         ; Row I/O    ;                 ; no       ; Off          ;
; V6       ; 105        ; 1        ; GND*                                     ;        ;              ;         ; Row I/O    ;                 ; no       ; Off          ;
; V7       ; 112        ; 1        ; GND*                                     ;        ;              ;         ; Row I/O    ;                 ; no       ; Off          ;
; V8       ;            ; 1        ; VCCIO1                                   ; power  ;              ; 3.3V    ; --         ;                 ; --       ; --           ;
; V9       ; 142        ; 8        ; GND*                                     ;        ;              ;         ; Column I/O ;                 ; no       ; Off          ;
; V10      ; 141        ; 8        ; GND*                                     ;        ;              ;         ; Column I/O ;                 ; no       ; Off          ;
; V11      ; 177        ; 8        ; GND*                                     ;        ;              ;         ; Column I/O ;                 ; no       ; Off          ;
; V12      ;            ; 8        ; VCCIO8                                   ; power  ;              ; 3.3V    ; --         ;                 ; --       ; --           ;
; V13      ; 176        ; 8        ; GND*                                     ;        ;              ;         ; Column I/O ;                 ; no       ; Off          ;
; V14      ; 175        ; 8        ; GND*                                     ;        ;              ;         ; Column I/O ;                 ; no       ; Off          ;
; V15      ;            ; 7        ; VCCIO7                                   ; power  ;              ; 3.3V    ; --         ;                 ; --       ; --           ;
; V16      ;            ;          ; VCCINT                                   ; power  ;              ; 1.2V    ; --         ;                 ; --       ; --           ;
; V17      ; 218        ; 7        ; GND*                                     ;        ;              ;         ; Column I/O ;                 ; no       ; Off          ;
; V18      ; 233        ; 7        ; GND*                                     ;        ;              ;         ; Column I/O ;                 ; no       ; Off          ;
; V19      ;            ; 6        ; VCCIO6                                   ; power  ;              ; 3.3V    ; --         ;                 ; --       ; --           ;
; V20      ; 251        ; 6        ; GND*                                     ;        ;              ;         ; Row I/O    ;                 ; no       ; Off          ;
; V21      ; 252        ; 6        ; GND*                                     ;        ;              ;         ; Row I/O    ;                 ; no       ; Off          ;
; V22      ; 259        ; 6        ; GND*                                     ;        ;              ;         ; Row I/O    ;                 ; --       ; --           ;
; V23      ; 275        ; 6        ; GND*                                     ;        ;              ;         ; Row I/O    ;                 ; no       ; Off          ;
; V24      ; 276        ; 6        ; GND*                                     ;        ;              ;         ; Row I/O    ;                 ; no       ; Off          ;
; V25      ; 277        ; 6        ; GND*                                     ;        ;              ;         ; Row I/O    ;                 ; no       ; Off          ;
; V26      ; 278        ; 6        ; GND*                                     ;        ;              ;         ; Row I/O    ;                 ; no       ; Off          ;
; W1       ; 97         ; 1        ; GND*                                     ;        ;              ;         ; Row I/O    ;                 ; no       ; Off          ;
; W2       ; 96         ; 1        ; GND*                                     ;        ;              ;         ; Row I/O    ;                 ; no       ; Off          ;
; W3       ; 102        ; 1        ; GND*                                     ;        ;              ;         ; Row I/O    ;                 ; no       ; Off          ;
; W4       ; 101        ; 1        ; GND*                                     ;        ;              ;         ; Row I/O    ;                 ; no       ; Off          ;
; W5       ;            ;          ; GND                                      ; gnd    ;              ;         ; --         ;                 ; --       ; --           ;
; W6       ; 113        ; 1        ; GND*                                     ;        ;              ;         ; Row I/O    ;                 ; --       ; --           ;
; W7       ;            ;          ; GND_PLL1                                 ; gnd    ;              ;         ; --         ;                 ; --       ; --           ;
; W8       ; 144        ; 8        ; GND*                                     ;        ;              ;         ; Column I/O ;                 ; no       ; Off          ;
; W9       ;            ; 8        ; VCCIO8                                   ; power  ;              ; 3.3V    ; --         ;                 ; --       ; --           ;
; W10      ; 145        ; 8        ; GND*                                     ;        ;              ;         ; Column I/O ;                 ; no       ; Off          ;
; W11      ; 161        ; 8        ; GND*                                     ;        ;              ;         ; Column I/O ;                 ; no       ; Off          ;
; W12      ; 162        ; 8        ; GND*                                     ;        ;              ;         ; Column I/O ;                 ; no       ; Off          ;
; W13      ;            ;          ; GND                                      ; gnd    ;              ;         ; --         ;                 ; --       ; --           ;
; W14      ;            ;          ; GND                                      ; gnd    ;              ;         ; --         ;                 ; --       ; --           ;
; W15      ; 203        ; 7        ; GND*                                     ;        ;              ;         ; Column I/O ;                 ; no       ; Off          ;
; W16      ; 204        ; 7        ; GND*                                     ;        ;              ;         ; Column I/O ;                 ; no       ; Off          ;
; W17      ; 217        ; 7        ; GND*                                     ;        ;              ;         ; Column I/O ;                 ; no       ; Off          ;
; W18      ;            ; 7        ; VCCIO7                                   ; power  ;              ; 3.3V    ; --         ;                 ; --       ; --           ;
; W19      ; 234        ; 7        ; GND*                                     ;        ;              ;         ; Column I/O ;                 ; no       ; Off          ;
; W20      ;            ;          ; GND_PLL4                                 ; gnd    ;              ;         ; --         ;                 ; --       ; --           ;
; W21      ; 253        ; 6        ; GND*                                     ;        ;              ;         ; Row I/O    ;                 ; no       ; Off          ;
; W22      ;            ;          ; GND                                      ; gnd    ;              ;         ; --         ;                 ; --       ; --           ;
; W23      ; 272        ; 6        ; GND*                                     ;        ;              ;         ; Row I/O    ;                 ; no       ; Off          ;
; W24      ; 271        ; 6        ; GND*                                     ;        ;              ;         ; Row I/O    ;                 ; no       ; Off          ;
; W25      ; 273        ; 6        ; GND*                                     ;        ;              ;         ; Row I/O    ;                 ; no       ; Off          ;
; W26      ; 274        ; 6        ; KEY[3]                                   ; input  ; 3.3-V LVTTL  ;         ; Row I/O    ; Y               ; no       ; Off          ;
; Y1       ; 103        ; 1        ; GND*                                     ;        ;              ;         ; Row I/O    ;                 ; no       ; Off          ;
; Y2       ;            ;          ; NC                                       ;        ;              ;         ; --         ;                 ; --       ; --           ;
; Y3       ; 108        ; 1        ; GND*                                     ;        ;              ;         ; Row I/O    ;                 ; no       ; Off          ;
; Y4       ; 109        ; 1        ; GND*                                     ;        ;              ;         ; Row I/O    ;                 ; no       ; Off          ;
; Y5       ; 121        ; 1        ; GND*                                     ;        ;              ;         ; Row I/O    ;                 ; no       ; Off          ;
; Y6       ;            ;          ; GND_PLL1                                 ; gnd    ;              ;         ; --         ;                 ; --       ; --           ;
; Y7       ;            ;          ; VCCD_PLL1                                ; power  ;              ; 1.2V    ; --         ;                 ; --       ; --           ;
; Y8       ;            ;          ; GNDA_PLL1                                ; gnd    ;              ;         ; --         ;                 ; --       ; --           ;
; Y9       ;            ;          ; GND                                      ; gnd    ;              ;         ; --         ;                 ; --       ; --           ;
; Y10      ; 146        ; 8        ; GND*                                     ;        ;              ;         ; Column I/O ;                 ; no       ; Off          ;
; Y11      ; 156        ; 8        ; GND*                                     ;        ;              ;         ; Column I/O ;                 ; no       ; Off          ;
; Y12      ; 180        ; 8        ; GND*                                     ;        ;              ;         ; Column I/O ;                 ; no       ; Off          ;
; Y13      ; 193        ; 7        ; GND*                                     ;        ;              ;         ; Column I/O ;                 ; no       ; Off          ;
; Y14      ; 195        ; 7        ; GND*                                     ;        ;              ;         ; Column I/O ;                 ; no       ; Off          ;
; Y15      ; 196        ; 7        ; GND*                                     ;        ;              ;         ; Column I/O ;                 ; no       ; Off          ;
; Y16      ; 210        ; 7        ; GND*                                     ;        ;              ;         ; Column I/O ;                 ; no       ; Off          ;
; Y17      ;            ;          ; GND                                      ; gnd    ;              ;         ; --         ;                 ; --       ; --           ;
; Y18      ; 229        ; 7        ; GND*                                     ;        ;              ;         ; Column I/O ;                 ; --       ; --           ;
; Y19      ;            ;          ; GNDA_PLL4                                ; gnd    ;              ;         ; --         ;                 ; --       ; --           ;
; Y20      ;            ;          ; VCCD_PLL4                                ; power  ;              ; 1.2V    ; --         ;                 ; --       ; --           ;
; Y21      ; 250        ; 6        ; GND*                                     ;        ;              ;         ; Row I/O    ;                 ; no       ; Off          ;
; Y22      ; 254        ; 6        ; GND*                                     ;        ;              ;         ; Row I/O    ;                 ; no       ; Off          ;
; Y23      ; 265        ; 6        ; GND*                                     ;        ;              ;         ; Row I/O    ;                 ; no       ; Off          ;
; Y24      ; 264        ; 6        ; GND*                                     ;        ;              ;         ; Row I/O    ;                 ; no       ; Off          ;
; Y25      ; 269        ; 6        ; GND*                                     ;        ;              ;         ; Row I/O    ;                 ; no       ; Off          ;
; Y26      ; 268        ; 6        ; GND*                                     ;        ;              ;         ; Row I/O    ;                 ; no       ; Off          ;
+----------+------------+----------+------------------------------------------+--------+--------------+---------+------------+-----------------+----------+--------------+
Note: Pin directions (input, output or bidir) are based on device operating in user mode.


+-------------------------------------------------------------------------------+
; Output Pin Default Load For Reported TCO                                      ;
+----------------------------------+-------+------------------------------------+
; I/O Standard                     ; Load  ; Termination Resistance             ;
+----------------------------------+-------+------------------------------------+
; 3.3-V LVTTL                      ; 0 pF  ; Not Available                      ;
; 3.3-V LVCMOS                     ; 0 pF  ; Not Available                      ;
; 2.5 V                            ; 0 pF  ; Not Available                      ;
; 1.8 V                            ; 0 pF  ; Not Available                      ;
; 1.5 V                            ; 0 pF  ; Not Available                      ;
; 3.3-V PCI                        ; 10 pF ; 25 Ohm (Parallel)                  ;
; 3.3-V PCI-X                      ; 10 pF ; 25 Ohm (Parallel)                  ;
; SSTL-2 Class I                   ; 0 pF  ; 50 Ohm (Parallel), 25 Ohm (Serial) ;
; SSTL-2 Class II                  ; 0 pF  ; 25 Ohm (Parallel), 25 Ohm (Serial) ;
; SSTL-18 Class I                  ; 0 pF  ; 50 Ohm (Parallel), 25 Ohm (Serial) ;
; SSTL-18 Class II                 ; 0 pF  ; 25 Ohm (Parallel), 25 Ohm (Serial) ;
; 1.5-V HSTL Class I               ; 0 pF  ; 50 Ohm (Parallel)                  ;
; 1.5-V HSTL Class II              ; 0 pF  ; 25 Ohm (Parallel)                  ;
; 1.8-V HSTL Class I               ; 0 pF  ; 50 Ohm (Parallel)                  ;
; 1.8-V HSTL Class II              ; 0 pF  ; 25 Ohm (Parallel)                  ;
; Differential SSTL-2              ; 0 pF  ; (See SSTL-2)                       ;
; Differential 2.5-V SSTL Class II ; 0 pF  ; (See SSTL-2 Class II)              ;
; Differential 1.8-V SSTL Class I  ; 0 pF  ; (See 1.8-V SSTL Class I)           ;
; Differential 1.8-V SSTL Class II ; 0 pF  ; (See 1.8-V SSTL Class II)          ;
; Differential 1.5-V HSTL Class I  ; 0 pF  ; (See 1.5-V HSTL Class I)           ;
; Differential 1.5-V HSTL Class II ; 0 pF  ; (See 1.5-V HSTL Class II)          ;
; Differential 1.8-V HSTL Class I  ; 0 pF  ; (See 1.8-V HSTL Class I)           ;
; Differential 1.8-V HSTL Class II ; 0 pF  ; (See 1.8-V HSTL Class II)          ;
; LVDS                             ; 0 pF  ; 100 Ohm (Differential)             ;
; mini-LVDS                        ; 0 pF  ; 100 Ohm (Differential)             ;
; RSDS                             ; 0 pF  ; 100 Ohm (Differential)             ;
; Simple RSDS                      ; 0 pF  ; Not Available                      ;
; Differential LVPECL              ; 0 pF  ; 100 Ohm (Differential)             ;
+----------------------------------+-------+------------------------------------+
Note: User assignments will override these defaults. The user specified values are listed in the Output Pins and Bidir Pins tables.


+-----------------------------------------------------------------------------------------------------------------------------------------------------------------------------------------------------------------------------------------------------------------+
; Fitter Resource Utilization by Entity                                                                                                                                                                                                                           ;
+----------------------------+-------------+---------------------------+---------------+-------------+------+--------------+---------+-----------+------+--------------+--------------+-------------------+------------------+---------------------+--------------+
; Compilation Hierarchy Node ; Logic Cells ; Dedicated Logic Registers ; I/O Registers ; Memory Bits ; M4Ks ; DSP Elements ; DSP 9x9 ; DSP 18x18 ; Pins ; Virtual Pins ; LUT-Only LCs ; Register-Only LCs ; LUT/Register LCs ; Full Hierarchy Name ; Library Name ;
+----------------------------+-------------+---------------------------+---------------+-------------+------+--------------+---------+-----------+------+--------------+--------------+-------------------+------------------+---------------------+--------------+
; |vga_pong                  ; 887 (887)   ; 206 (206)                 ; 0 (0)         ; 0           ; 0    ; 0            ; 0       ; 0         ; 52   ; 0            ; 681 (681)    ; 10 (10)           ; 196 (196)        ; |vga_pong           ; work         ;
+----------------------------+-------------+---------------------------+---------------+-------------+------+--------------+---------+-----------+------+--------------+--------------+-------------------+------------------+---------------------+--------------+
Note: For table entries with two numbers listed, the numbers in parentheses indicate the number of resources of the given type used by the specific entity alone. The numbers listed outside of parentheses indicate the total resources of the given type used by the specific entity and all of its sub-entities in the hierarchy.


+--------------------------------------------------------------------------------------+
; Delay Chain Summary                                                                  ;
+-------------+----------+---------------+---------------+-----------------------+-----+
; Name        ; Pin Type ; Pad to Core 0 ; Pad to Core 1 ; Pad to Input Register ; TCO ;
+-------------+----------+---------------+---------------+-----------------------+-----+
; SW[1]       ; Input    ; (0) 171 ps    ; (0) 171 ps    ; --                    ; --  ;
; SW[2]       ; Input    ; (0) 171 ps    ; (0) 171 ps    ; --                    ; --  ;
; SW[3]       ; Input    ; (0) 170 ps    ; (0) 170 ps    ; --                    ; --  ;
; SW[4]       ; Input    ; (0) 170 ps    ; (0) 170 ps    ; --                    ; --  ;
; SW[5]       ; Input    ; (0) 170 ps    ; (0) 170 ps    ; --                    ; --  ;
; SW[6]       ; Input    ; (0) 170 ps    ; (0) 170 ps    ; --                    ; --  ;
; SW[7]       ; Input    ; (0) 170 ps    ; (0) 170 ps    ; --                    ; --  ;
; SW[8]       ; Input    ; (0) 170 ps    ; (0) 170 ps    ; --                    ; --  ;
; SW[9]       ; Input    ; (0) 170 ps    ; (0) 170 ps    ; --                    ; --  ;
; SW[10]      ; Input    ; (0) 171 ps    ; (0) 171 ps    ; --                    ; --  ;
; SW[11]      ; Input    ; (0) 171 ps    ; (0) 171 ps    ; --                    ; --  ;
; SW[12]      ; Input    ; (0) 171 ps    ; (0) 171 ps    ; --                    ; --  ;
; SW[13]      ; Input    ; (0) 171 ps    ; (0) 171 ps    ; --                    ; --  ;
; SW[14]      ; Input    ; (0) 171 ps    ; (0) 171 ps    ; --                    ; --  ;
; SW[15]      ; Input    ; (0) 171 ps    ; (0) 171 ps    ; --                    ; --  ;
; SW[16]      ; Input    ; (0) 171 ps    ; (0) 171 ps    ; --                    ; --  ;
; SW[17]      ; Input    ; (0) 171 ps    ; (0) 171 ps    ; --                    ; --  ;
; VGA_CLK     ; Output   ; --            ; --            ; --                    ; --  ;
; VGA_HS      ; Output   ; --            ; --            ; --                    ; --  ;
; VGA_VS      ; Output   ; --            ; --            ; --                    ; --  ;
; VGA_BLANK_N ; Output   ; --            ; --            ; --                    ; --  ;
; VGA_SYNC_N  ; Output   ; --            ; --            ; --                    ; --  ;
; VGA_R[0]    ; Output   ; --            ; --            ; --                    ; --  ;
; VGA_R[1]    ; Output   ; --            ; --            ; --                    ; --  ;
; VGA_R[2]    ; Output   ; --            ; --            ; --                    ; --  ;
; VGA_R[3]    ; Output   ; --            ; --            ; --                    ; --  ;
; VGA_R[4]    ; Output   ; --            ; --            ; --                    ; --  ;
; VGA_R[5]    ; Output   ; --            ; --            ; --                    ; --  ;
; VGA_R[6]    ; Output   ; --            ; --            ; --                    ; --  ;
; VGA_R[7]    ; Output   ; --            ; --            ; --                    ; --  ;
; VGA_G[0]    ; Output   ; --            ; --            ; --                    ; --  ;
; VGA_G[1]    ; Output   ; --            ; --            ; --                    ; --  ;
; VGA_G[2]    ; Output   ; --            ; --            ; --                    ; --  ;
; VGA_G[3]    ; Output   ; --            ; --            ; --                    ; --  ;
; VGA_G[4]    ; Output   ; --            ; --            ; --                    ; --  ;
; VGA_G[5]    ; Output   ; --            ; --            ; --                    ; --  ;
; VGA_G[6]    ; Output   ; --            ; --            ; --                    ; --  ;
; VGA_G[7]    ; Output   ; --            ; --            ; --                    ; --  ;
; VGA_B[0]    ; Output   ; --            ; --            ; --                    ; --  ;
; VGA_B[1]    ; Output   ; --            ; --            ; --                    ; --  ;
; VGA_B[2]    ; Output   ; --            ; --            ; --                    ; --  ;
; VGA_B[3]    ; Output   ; --            ; --            ; --                    ; --  ;
; VGA_B[4]    ; Output   ; --            ; --            ; --                    ; --  ;
; VGA_B[5]    ; Output   ; --            ; --            ; --                    ; --  ;
; VGA_B[6]    ; Output   ; --            ; --            ; --                    ; --  ;
; VGA_B[7]    ; Output   ; --            ; --            ; --                    ; --  ;
; CLOCK_50    ; Input    ; (0) 171 ps    ; (0) 171 ps    ; --                    ; --  ;
; SW[0]       ; Input    ; (0) 171 ps    ; (0) 171 ps    ; --                    ; --  ;
; KEY[0]      ; Input    ; (6) 2523 ps   ; (6) 2523 ps   ; --                    ; --  ;
; KEY[1]      ; Input    ; (6) 2523 ps   ; (6) 2523 ps   ; --                    ; --  ;
; KEY[2]      ; Input    ; (6) 2523 ps   ; (6) 2523 ps   ; --                    ; --  ;
; KEY[3]      ; Input    ; (6) 2523 ps   ; (6) 2523 ps   ; --                    ; --  ;
+-------------+----------+---------------+---------------+-----------------------+-----+


+---------------------------------------------------+
; Pad To Core Delay Chain Fanout                    ;
+---------------------+-------------------+---------+
; Source Pin / Fanout ; Pad To Core Index ; Setting ;
+---------------------+-------------------+---------+
; SW[1]               ;                   ;         ;
; SW[2]               ;                   ;         ;
; SW[3]               ;                   ;         ;
; SW[4]               ;                   ;         ;
; SW[5]               ;                   ;         ;
; SW[6]               ;                   ;         ;
; SW[7]               ;                   ;         ;
; SW[8]               ;                   ;         ;
; SW[9]               ;                   ;         ;
; SW[10]              ;                   ;         ;
; SW[11]              ;                   ;         ;
; SW[12]              ;                   ;         ;
; SW[13]              ;                   ;         ;
; SW[14]              ;                   ;         ;
; SW[15]              ;                   ;         ;
; SW[16]              ;                   ;         ;
; SW[17]              ;                   ;         ;
; CLOCK_50            ;                   ;         ;
; SW[0]               ;                   ;         ;
; KEY[0]              ;                   ;         ;
;      - k0s~6        ; 1                 ; 6       ;
;      - always3~1    ; 1                 ; 6       ;
; KEY[1]              ;                   ;         ;
;      - k1s~6        ; 0                 ; 6       ;
;      - always3~2    ; 0                 ; 6       ;
; KEY[2]              ;                   ;         ;
;      - k2s~6        ; 0                 ; 6       ;
;      - always3~3    ; 0                 ; 6       ;
; KEY[3]              ;                   ;         ;
;      - k3s~6        ; 0                 ; 6       ;
;      - always3~4    ; 0                 ; 6       ;
+---------------------+-------------------+---------+


+--------------------------------------------------------------------------------------------------------------------------------------------------------+
; Control Signals                                                                                                                                        ;
+----------------+--------------------+---------+-------------------------+--------+----------------------+------------------+---------------------------+
; Name           ; Location           ; Fan-Out ; Usage                   ; Global ; Global Resource Used ; Global Line Name ; Enable Signal Source Name ;
+----------------+--------------------+---------+-------------------------+--------+----------------------+------------------+---------------------------+
; CLOCK_50       ; PIN_N2             ; 206     ; Clock                   ; yes    ; Global Clock         ; GCLK2            ; --                        ;
; always3~0      ; LCCOMB_X38_Y26_N22 ; 20      ; Sync. clear             ; no     ; --                   ; --               ; --                        ;
; always3~1      ; LCCOMB_X41_Y23_N22 ; 20      ; Sync. clear             ; no     ; --                   ; --               ; --                        ;
; always3~2      ; LCCOMB_X40_Y24_N10 ; 20      ; Sync. clear             ; no     ; --                   ; --               ; --                        ;
; always3~3      ; LCCOMB_X42_Y25_N26 ; 20      ; Sync. clear             ; no     ; --                   ; --               ; --                        ;
; always3~4      ; LCCOMB_X41_Y25_N26 ; 20      ; Sync. clear             ; no     ; --                   ; --               ; --                        ;
; bx[3]~13       ; LCCOMB_X38_Y24_N22 ; 18      ; Clock enable            ; no     ; --                   ; --               ; --                        ;
; by[0]~14       ; LCCOMB_X36_Y24_N14 ; 3       ; Clock enable            ; no     ; --                   ; --               ; --                        ;
; gover~7        ; LCCOMB_X38_Y24_N24 ; 1       ; Clock enable            ; no     ; --                   ; --               ; --                        ;
; lpy[0]~34      ; LCCOMB_X32_Y23_N30 ; 10      ; Clock enable            ; no     ; --                   ; --               ; --                        ;
; lscore[3]~1    ; LCCOMB_X37_Y24_N10 ; 4       ; Clock enable            ; no     ; --                   ; --               ; --                        ;
; pix_clk_en     ; LCFF_X29_Y25_N29   ; 13      ; Clock enable            ; no     ; --                   ; --               ; --                        ;
; rpy[9]~34      ; LCCOMB_X38_Y25_N10 ; 10      ; Clock enable            ; no     ; --                   ; --               ; --                        ;
; rscore[1]~4    ; LCCOMB_X34_Y24_N28 ; 4       ; Clock enable            ; no     ; --                   ; --               ; --                        ;
; serve_cnt[1]~5 ; LCCOMB_X37_Y26_N10 ; 7       ; Sync. load              ; no     ; --                   ; --               ; --                        ;
; sw0s           ; LCFF_X38_Y26_N29   ; 67      ; Sync. clear, Sync. load ; no     ; --                   ; --               ; --                        ;
; v_cnt[0]~1     ; LCCOMB_X30_Y25_N30 ; 10      ; Clock enable            ; no     ; --                   ; --               ; --                        ;
+----------------+--------------------+---------+-------------------------+--------+----------------------+------------------+---------------------------+


+-----------------------------------------------------------------------------------------------------+
; Global & Other Fast Signals                                                                         ;
+----------+----------+---------+----------------------+------------------+---------------------------+
; Name     ; Location ; Fan-Out ; Global Resource Used ; Global Line Name ; Enable Signal Source Name ;
+----------+----------+---------+----------------------+------------------+---------------------------+
; CLOCK_50 ; PIN_N2   ; 206     ; Global Clock         ; GCLK2            ; --                        ;
+----------+----------+---------+----------------------+------------------+---------------------------+


+---------------------------------+
; Non-Global High Fan-Out Signals ;
+----------------+----------------+
; Name           ; Fan-Out        ;
+----------------+----------------+
; v_cnt[2]       ; 110            ;
; v_cnt[3]       ; 106            ;
; v_cnt[1]       ; 104            ;
; sw0s           ; 67             ;
; h_cnt[2]       ; 40             ;
; Mux19~2        ; 36             ;
; WideOr46~0     ; 34             ;
; h_cnt[3]       ; 31             ;
; h_cnt[1]       ; 27             ;
; Mux18~1        ; 25             ;
; h_cnt[4]       ; 25             ;
; rscore[0]      ; 24             ;
; comb~1         ; 24             ;
; lscore[0]      ; 23             ;
; h_cnt[6]       ; 23             ;
; Mux19~0        ; 22             ;
; rscore[1]      ; 22             ;
; h_cnt[5]       ; 22             ;
; lscore[1]      ; 21             ;
; always3~4      ; 20             ;
; always3~3      ; 20             ;
; always3~2      ; 20             ;
; always3~1      ; 20             ;
; always3~0      ; 20             ;
; by[3]~2        ; 19             ;
; v_cnt[5]       ; 19             ;
; bxd            ; 19             ;
; bx[3]~13       ; 18             ;
; v_cnt[0]       ; 18             ;
; h_cnt[9]       ; 18             ;
; v_cnt[4]       ; 17             ;
; h_cnt[8]       ; 16             ;
; ban_px~4       ; 14             ;
; h_cnt[0]       ; 14             ;
; v_cnt[9]       ; 14             ;
; h_cnt[7]       ; 14             ;
; Equal2~6       ; 13             ;
; ban_bg~5       ; 13             ;
; pix_clk_en     ; 13             ;
; ~GND           ; 12             ;
; byd            ; 12             ;
; always4~9      ; 11             ;
; always4~7      ; 11             ;
; lscore[2]      ; 11             ;
; rpy[9]~34      ; 10             ;
; always4~11     ; 10             ;
; lpy[0]~34      ; 10             ;
; always4~2      ; 10             ;
; v_cnt[0]~1     ; 10             ;
; ro~4           ; 10             ;
; ball_on~0      ; 10             ;
; v_cnt[7]       ; 10             ;
; v_cnt[6]       ; 10             ;
; v_cnt[8]       ; 10             ;
; rscore[2]      ; 10             ;
; lwon           ; 9              ;
; bo~14          ; 8              ;
; wall_on~2      ; 8              ;
; lscore[3]      ; 8              ;
; serve_cnt[1]~5 ; 7              ;
; serve_cnt[1]~4 ; 7              ;
; bx[0]          ; 7              ;
; LessThan22~1   ; 6              ;
; bx[3]~2        ; 6              ;
; WideOr68~0     ; 6              ;
; by[2]          ; 6              ;
; by[3]          ; 6              ;
; by[4]          ; 6              ;
; by[5]          ; 6              ;
; by[6]          ; 6              ;
; by[7]          ; 6              ;
; by[8]          ; 6              ;
; by[9]          ; 6              ;
; WideOr17~0     ; 6              ;
; rpy[0]         ; 6              ;
; rpy[1]         ; 6              ;
; rpy[2]         ; 6              ;
; rpy[4]         ; 6              ;
; rpy[5]         ; 6              ;
; rpy[6]         ; 6              ;
; rpy[7]         ; 6              ;
; rpy[8]         ; 6              ;
; rpy[9]         ; 6              ;
; by[0]          ; 6              ;
; bx[3]          ; 6              ;
; bx[4]          ; 6              ;
; bx[5]          ; 6              ;
; lpy[0]         ; 6              ;
; lpy[1]         ; 6              ;
; lpy[2]         ; 6              ;
; lpy[4]         ; 6              ;
; lpy[5]         ; 6              ;
; lpy[6]         ; 6              ;
; lpy[7]         ; 6              ;
; lpy[8]         ; 6              ;
; lpy[9]         ; 6              ;
; by[2]~5        ; 5              ;
; LessThan12~1   ; 5              ;
; bo~4           ; 5              ;
; Decoder5~1     ; 5              ;
; gover          ; 5              ;
; cline_on~3     ; 5              ;
; always13~3     ; 5              ;
; rdig_px~1      ; 5              ;
; dig_row~0      ; 5              ;
; rpy[3]         ; 5              ;
; bx[2]          ; 5              ;
; bx[6]          ; 5              ;
; bx[7]          ; 5              ;
; bx[8]          ; 5              ;
; bx[9]          ; 5              ;
; rscore[3]      ; 5              ;
; lpy[3]         ; 5              ;
; by~15          ; 4              ;
; rscore[1]~4    ; 4              ;
; lscore[3]~1    ; 4              ;
; LessThan10~1   ; 4              ;
; Equal1~3       ; 4              ;
; Equal0~3       ; 4              ;
; ro~12          ; 4              ;
; go_out~1       ; 4              ;
; rpad_on~2      ; 4              ;
; always13~6     ; 4              ;
; Add27~0        ; 4              ;
; Equal0~1       ; 4              ;
; WideOr28~0     ; 4              ;
; wall_on~0      ; 4              ;
; Add24~16       ; 4              ;
; Add24~14       ; 4              ;
; Add24~12       ; 4              ;
; Add24~10       ; 4              ;
; Add24~8        ; 4              ;
; Add24~6        ; 4              ;
; Add24~4        ; 4              ;
; Add24~2        ; 4              ;
; by[1]          ; 4              ;
; Add23~16       ; 4              ;
; Add23~10       ; 4              ;
; Add23~8        ; 4              ;
; Add23~6        ; 4              ;
; Add23~4        ; 4              ;
; Add23~2        ; 4              ;
; Add23~0        ; 4              ;
; bx[1]          ; 4              ;
; Mux23~6        ; 3              ;
; k3s            ; 3              ;
; k2s            ; 3              ;
; by[0]~14       ; 3              ;
; by~7           ; 3              ;
; always4~3      ; 3              ;
; k1s            ; 3              ;
; k0s            ; 3              ;
; serve_cnt[0]   ; 3              ;
; serve_cnt[2]   ; 3              ;
; serve_cnt[5]   ; 3              ;
; frame_tick     ; 3              ;
; always4~0      ; 3              ;
; ro~18          ; 3              ;
; ro~6           ; 3              ;
; go_out~0       ; 3              ;
; Mux22~2        ; 3              ;
; Mux26~2        ; 3              ;
; ro~2           ; 3              ;
; ro~0           ; 3              ;
; LessThan39~1   ; 3              ;
; LessThan48~0   ; 3              ;
; Equal1~1       ; 3              ;
; LessThan43~0   ; 3              ;
; LessThan47~0   ; 3              ;
; Mux15~2        ; 3              ;
; Equal0~0       ; 3              ;
; serve_cnt[1]   ; 3              ;
; serve_cnt[3]   ; 3              ;
; serve_cnt[4]   ; 3              ;
; serve_cnt[6]   ; 3              ;
; Add18~16       ; 3              ;
; Add18~14       ; 3              ;
; Add18~12       ; 3              ;
; Add24~0        ; 3              ;
; Add23~14       ; 3              ;
; Add23~12       ; 3              ;
; KEY[3]         ; 2              ;
; KEY[2]         ; 2              ;
; KEY[1]         ; 2              ;
; KEY[0]         ; 2              ;
; SW[0]          ; 2              ;
; Mux25~16       ; 2              ;
; lpad_on~16     ; 2              ;
; bo~15          ; 2              ;
; Mux20~14       ; 2              ;
; gcnt[14]       ; 2              ;
; gcnt[15]       ; 2              ;
; gcnt[13]       ; 2              ;
; gcnt[12]       ; 2              ;
; gcnt[11]       ; 2              ;
; gcnt[10]       ; 2              ;
; gcnt[9]        ; 2              ;
; gcnt[8]        ; 2              ;
; gcnt[1]        ; 2              ;
; gcnt[0]        ; 2              ;
; gcnt[7]        ; 2              ;
; gcnt[6]        ; 2              ;
; gcnt[5]        ; 2              ;
; gcnt[4]        ; 2              ;
; gcnt[3]        ; 2              ;
; gcnt[2]        ; 2              ;
; gcnt[17]       ; 2              ;
; gcnt[16]       ; 2              ;
; gcnt[19]       ; 2              ;
; gcnt[18]       ; 2              ;
; gover~4        ; 2              ;
; gover~1        ; 2              ;
; gover~0        ; 2              ;
; by~4           ; 2              ;
; LessThan11~1   ; 2              ;
; LessThan11~0   ; 2              ;
; LessThan17~2   ; 2              ;
; always4~4      ; 2              ;
; bo~5           ; 2              ;
; go_out~13      ; 2              ;
; go_out~7       ; 2              ;
; go_out~5       ; 2              ;
; go_out~4       ; 2              ;
; ro~21          ; 2              ;
; go_out~2       ; 2              ;
; ro~11          ; 2              ;
; ro~10          ; 2              ;
; ldig_px~2      ; 2              ;
; ro~9           ; 2              ;
; ro~8           ; 2              ;
; Mux20~9        ; 2              ;
; Mux26~14       ; 2              ;
; Mux26~12       ; 2              ;
; Mux20~8        ; 2              ;
; Mux20~5        ; 2              ;
; Mux20~4        ; 2              ;
; Mux24~8        ; 2              ;
; Mux24~5        ; 2              ;
; Mux26~3        ; 2              ;
; Equal1~2       ; 2              ;
; ban_px~1       ; 2              ;
; LessThan40~0   ; 2              ;
; Equal0~2       ; 2              ;
; LessThan48~2   ; 2              ;
; Mux16~5        ; 2              ;
; LessThan44~0   ; 2              ;
; ban_bg~0       ; 2              ;
; Mux16~0        ; 2              ;
; always13~0     ; 2              ;
; Mux13~43       ; 2              ;
; Mux11~1        ; 2              ;
; Mux11~0        ; 2              ;
; Mux7~0         ; 2              ;
; LessThan43~2   ; 2              ;
; LessThan46~0   ; 2              ;
; VGA_HS~2       ; 2              ;
; ldig_px~1      ; 2              ;
; ldig_px~0      ; 2              ;
; LessThan38~0   ; 2              ;
; Decoder5~0     ; 2              ;
; LessThan42~0   ; 2              ;
; Mux6~37        ; 2              ;
; Mux4~1         ; 2              ;
; Mux4~0         ; 2              ;
; Mux6~24        ; 2              ;
; Mux0~0         ; 2              ;
; comb~0         ; 2              ;
; db_k3[19]      ; 2              ;
; db_k3[18]      ; 2              ;
; db_k3[1]       ; 2              ;
; db_k3[0]       ; 2              ;
; db_k3[13]      ; 2              ;
; db_k3[12]      ; 2              ;
; db_k3[11]      ; 2              ;
; db_k3[10]      ; 2              ;
; db_k3[9]       ; 2              ;
; db_k3[8]       ; 2              ;
; db_k3[7]       ; 2              ;
; db_k3[6]       ; 2              ;
; db_k3[5]       ; 2              ;
; db_k3[4]       ; 2              ;
; db_k3[3]       ; 2              ;
; db_k3[2]       ; 2              ;
; db_k3[17]      ; 2              ;
; db_k3[16]      ; 2              ;
; db_k3[15]      ; 2              ;
; db_k3[14]      ; 2              ;
; db_k2[19]      ; 2              ;
; db_k2[18]      ; 2              ;
; db_k2[1]       ; 2              ;
; db_k2[0]       ; 2              ;
; db_k2[13]      ; 2              ;
; db_k2[12]      ; 2              ;
; db_k2[11]      ; 2              ;
; db_k2[10]      ; 2              ;
; db_k2[9]       ; 2              ;
; db_k2[8]       ; 2              ;
; db_k2[7]       ; 2              ;
; db_k2[6]       ; 2              ;
; db_k2[5]       ; 2              ;
; db_k2[4]       ; 2              ;
; db_k2[3]       ; 2              ;
; db_k2[2]       ; 2              ;
; db_k2[17]      ; 2              ;
; db_k2[16]      ; 2              ;
; db_k2[15]      ; 2              ;
; db_k2[14]      ; 2              ;
; db_k1[19]      ; 2              ;
; db_k1[18]      ; 2              ;
; db_k1[1]       ; 2              ;
; db_k1[0]       ; 2              ;
; db_k1[13]      ; 2              ;
; db_k1[12]      ; 2              ;
; db_k1[11]      ; 2              ;
; db_k1[10]      ; 2              ;
; db_k1[9]       ; 2              ;
; db_k1[8]       ; 2              ;
; db_k1[7]       ; 2              ;
; db_k1[6]       ; 2              ;
; db_k1[5]       ; 2              ;
; db_k1[4]       ; 2              ;
; db_k1[3]       ; 2              ;
; db_k1[2]       ; 2              ;
; db_k1[17]      ; 2              ;
; db_k1[16]      ; 2              ;
; db_k1[15]      ; 2              ;
; db_k1[14]      ; 2              ;
; db_k0[19]      ; 2              ;
; db_k0[18]      ; 2              ;
; db_k0[1]       ; 2              ;
; db_k0[0]       ; 2              ;
; db_k0[13]      ; 2              ;
; db_k0[12]      ; 2              ;
; db_k0[11]      ; 2              ;
; db_k0[10]      ; 2              ;
; db_k0[9]       ; 2              ;
; db_k0[8]       ; 2              ;
; db_k0[7]       ; 2              ;
; db_k0[6]       ; 2              ;
; db_k0[5]       ; 2              ;
; db_k0[4]       ; 2              ;
; db_k0[3]       ; 2              ;
; db_k0[2]       ; 2              ;
; db_k0[17]      ; 2              ;
; db_k0[16]      ; 2              ;
; db_k0[15]      ; 2              ;
; db_k0[14]      ; 2              ;
; db_sw[19]      ; 2              ;
; db_sw[18]      ; 2              ;
; db_sw[1]       ; 2              ;
; db_sw[0]       ; 2              ;
; db_sw[13]      ; 2              ;
; db_sw[12]      ; 2              ;
; db_sw[11]      ; 2              ;
; db_sw[10]      ; 2              ;
; db_sw[9]       ; 2              ;
; db_sw[8]       ; 2              ;
; db_sw[7]       ; 2              ;
; db_sw[6]       ; 2              ;
; db_sw[5]       ; 2              ;
; db_sw[4]       ; 2              ;
; db_sw[3]       ; 2              ;
; db_sw[2]       ; 2              ;
; db_sw[17]      ; 2              ;
; db_sw[16]      ; 2              ;
; db_sw[15]      ; 2              ;
; db_sw[14]      ; 2              ;
; Add22~12       ; 2              ;
; Add22~10       ; 2              ;
; Add22~8        ; 2              ;
; Add22~6        ; 2              ;
; Add22~4        ; 2              ;
; Add22~2        ; 2              ;
; Add22~0        ; 2              ;
; Add21~12       ; 2              ;
; Add21~10       ; 2              ;
; Add21~8        ; 2              ;
; Add21~6        ; 2              ;
; Add21~4        ; 2              ;
; Add21~2        ; 2              ;
; Add21~0        ; 2              ;
; pix_clk_en~0   ; 1              ;
; Mux2~7         ; 1              ;
; Mux2~6         ; 1              ;
; Mux9~5         ; 1              ;
; Mux9~4         ; 1              ;
; Mux13~58       ; 1              ;
; Mux13~57       ; 1              ;
; Mux13~56       ; 1              ;
; Mux13~55       ; 1              ;
; Mux26~30       ; 1              ;
; Mux26~29       ; 1              ;
; Mux25~15       ; 1              ;
; Mux13~27       ; 1              ;
; Mux13~26       ; 1              ;
; Mux6~13        ; 1              ;
; Mux6~12        ; 1              ;
; Mux13~54       ; 1              ;
; Mux13~21       ; 1              ;
; Mux13~20       ; 1              ;
; Mux13~18       ; 1              ;
; Mux13~17       ; 1              ;
; Mux13~53       ; 1              ;
; Mux13~6        ; 1              ;
; Mux13~8        ; 1              ;
; Mux13~7        ; 1              ;
; Mux6~11        ; 1              ;
; Mux6~10        ; 1              ;
; Mux6~8         ; 1              ;
; Mux6~7         ; 1              ;
; Mux25~3        ; 1              ;
; Mux25~14       ; 1              ;
; Mux25~6        ; 1              ;
; lpad_on~3      ; 1              ;
; lpad_on~7      ; 1              ;
; Mux29~6        ; 1              ;
; Mux26~28       ; 1              ;
; Mux33~12       ; 1              ;
; Mux15~8        ; 1              ;
; Mux6~39        ; 1              ;
; Mux6~38        ; 1              ;
; gcnt~11        ; 1              ;
; gcnt~10        ; 1              ;
; gcnt~9         ; 1              ;
; gcnt~8         ; 1              ;
; gcnt~7         ; 1              ;
; gcnt~6         ; 1              ;
; gcnt~5         ; 1              ;
; gcnt~4         ; 1              ;
; gcnt~3         ; 1              ;
; gcnt~2         ; 1              ;
; gcnt~1         ; 1              ;
; gcnt~0         ; 1              ;
; k3s~6          ; 1              ;
; k3s~5          ; 1              ;
; k3s~4          ; 1              ;
; k3s~3          ; 1              ;
; k3s~2          ; 1              ;
; k3s~1          ; 1              ;
; k3s~0          ; 1              ;
; k2s~6          ; 1              ;
; k2s~5          ; 1              ;
; k2s~4          ; 1              ;
; k2s~3          ; 1              ;
; k2s~2          ; 1              ;
; k2s~1          ; 1              ;
; k2s~0          ; 1              ;
; byd~0          ; 1              ;
; k1s~6          ; 1              ;
; k1s~5          ; 1              ;
; k1s~4          ; 1              ;
; k1s~3          ; 1              ;
; k1s~2          ; 1              ;
; k1s~1          ; 1              ;
; k1s~0          ; 1              ;
; k0s~6          ; 1              ;
; k0s~5          ; 1              ;
; k0s~4          ; 1              ;
; k0s~3          ; 1              ;
; k0s~2          ; 1              ;
; k0s~1          ; 1              ;
; k0s~0          ; 1              ;
; serve_cnt[0]~8 ; 1              ;
; serve_cnt[2]~7 ; 1              ;
; serve_cnt[5]~6 ; 1              ;
; Equal2~5       ; 1              ;
; Equal2~4       ; 1              ;
; Equal2~3       ; 1              ;
; Equal2~2       ; 1              ;
; Equal2~1       ; 1              ;
; Equal2~0       ; 1              ;
; bxd~1          ; 1              ;
; bxd~0          ; 1              ;
; sw0s~6         ; 1              ;
; sw0s~5         ; 1              ;
; sw0s~4         ; 1              ;
; sw0s~3         ; 1              ;
; sw0s~2         ; 1              ;
; sw0s~1         ; 1              ;
; sw0s~0         ; 1              ;
; rpy[9]~33      ; 1              ;
; rpy[9]~32      ; 1              ;
; rpy[9]~31      ; 1              ;
; rpy[9]~30      ; 1              ;
; always4~10     ; 1              ;
; gover~7        ; 1              ;
; gover~6        ; 1              ;
; gover~5        ; 1              ;
; gover~3        ; 1              ;
; gover~2        ; 1              ;
; by~13          ; 1              ;
; by~12          ; 1              ;
; by~11          ; 1              ;
; by~10          ; 1              ;
; by~9           ; 1              ;
; by~8           ; 1              ;
; by~6           ; 1              ;
; by~3           ; 1              ;
; LessThan12~0   ; 1              ;
; LessThan11~2   ; 1              ;
; bx~12          ; 1              ;
; bx~11          ; 1              ;
; bx~10          ; 1              ;
; bx~9           ; 1              ;
; bx~8           ; 1              ;
; bx~7           ; 1              ;
; bx~6           ; 1              ;
; bx~5           ; 1              ;
; bx~4           ; 1              ;
; bx~3           ; 1              ;
; LessThan13~2   ; 1              ;
; LessThan13~1   ; 1              ;
; LessThan13~0   ; 1              ;
; always4~8      ; 1              ;
; LessThan14~0   ; 1              ;
; LessThan17~1   ; 1              ;
; LessThan17~0   ; 1              ;
; always4~6      ; 1              ;
; LessThan18~1   ; 1              ;
; LessThan18~0   ; 1              ;
; LessThan21~0   ; 1              ;
; Add20~1        ; 1              ;
; Add20~0        ; 1              ;
; rscore~3       ; 1              ;
; always4~5      ; 1              ;
; LessThan22~0   ; 1              ;
; rscore~2       ; 1              ;
; v_cnt~4        ; 1              ;
; lpy[0]~33      ; 1              ;
; lpy[0]~32      ; 1              ;
; lpy[0]~31      ; 1              ;
; lpy[0]~30      ; 1              ;
; always4~1      ; 1              ;
; Add19~1        ; 1              ;
; lscore~2       ; 1              ;
; Add19~0        ; 1              ;
; LessThan10~0   ; 1              ;
; lscore~0       ; 1              ;
; v_cnt~3        ; 1              ;
; v_cnt~2        ; 1              ;
; v_cnt~0        ; 1              ;
; h_cnt~2        ; 1              ;
; h_cnt~1        ; 1              ;
; h_cnt~0        ; 1              ;
; bo~13          ; 1              ;
; bo~12          ; 1              ;
; bo~11          ; 1              ;
; bo~10          ; 1              ;
; bo~9           ; 1              ;
; bo~8           ; 1              ;
; go_out~14      ; 1              ;
; bo~7           ; 1              ;
; bo~6           ; 1              ;
; go_out~12      ; 1              ;
; go_out~11      ; 1              ;
; go_out~10      ; 1              ;
; go_out~9       ; 1              ;
; go_out~8       ; 1              ;
; go_out~6       ; 1              ;
; go_out~3       ; 1              ;
; ro~23          ; 1              ;
; ro~22          ; 1              ;
; ro~20          ; 1              ;
; ro~19          ; 1              ;
; ro~17          ; 1              ;
; ro~16          ; 1              ;
; ro~15          ; 1              ;
; ro~14          ; 1              ;
; ro~13          ; 1              ;
; ro~7           ; 1              ;
; rpad_on~1      ; 1              ;
; rpad_on~0      ; 1              ;
; ro~5           ; 1              ;
; Mux33~11       ; 1              ;
; Mux29~5        ; 1              ;
; Mux22~5        ; 1              ;
; Mux22~4        ; 1              ;
; WideOr64~0     ; 1              ;
; Mux22~3        ; 1              ;
; WideOr54~0     ; 1              ;
; WideOr63~0     ; 1              ;
; Mux29~4        ; 1              ;
; Mux26~27       ; 1              ;
; Mux26~26       ; 1              ;
; Mux26~25       ; 1              ;
; Mux26~24       ; 1              ;
; Mux29~3        ; 1              ;
; Mux29~2        ; 1              ;
; Mux22~1        ; 1              ;
; Mux22~0        ; 1              ;
; Mux26~23       ; 1              ;
; Mux33~10       ; 1              ;
; Mux26~22       ; 1              ;
; Mux26~21       ; 1              ;
; Mux18~2        ; 1              ;
; Mux26~20       ; 1              ;
; Mux26~19       ; 1              ;
; Mux27~2        ; 1              ;
; Mux27~1        ; 1              ;
; Mux27~0        ; 1              ;
; Mux26~18       ; 1              ;
; Mux26~17       ; 1              ;
; Mux26~16       ; 1              ;
; Mux26~15       ; 1              ;
; Mux20~13       ; 1              ;
; Mux20~12       ; 1              ;
; Mux20~11       ; 1              ;
; Mux20~10       ; 1              ;
; Mux28~7        ; 1              ;
; Mux28~6        ; 1              ;
; Mux26~13       ; 1              ;
; Mux26~11       ; 1              ;
; Mux28~5        ; 1              ;
; Mux28~4        ; 1              ;
; Mux28~3        ; 1              ;
; Mux28~2        ; 1              ;
; Mux26~10       ; 1              ;
; Mux28~1        ; 1              ;
; Mux28~0        ; 1              ;
; Mux26~9        ; 1              ;
; WideOr53~0     ; 1              ;
; Mux26~8        ; 1              ;
; Mux26~7        ; 1              ;
; Mux33~9        ; 1              ;
; Mux33~8        ; 1              ;
; Mux33~7        ; 1              ;
; Mux24~10       ; 1              ;
; Mux24~9        ; 1              ;
; chr_row~0      ; 1              ;
; Mux33~6        ; 1              ;
; Mux30~1        ; 1              ;
; Mux26~6        ; 1              ;
; Mux30~0        ; 1              ;
; Mux23~5        ; 1              ;
; Mux23~4        ; 1              ;
; Mux23~3        ; 1              ;
; Mux23~2        ; 1              ;
; Mux26~5        ; 1              ;
; Mux26~4        ; 1              ;
; Mux33~5        ; 1              ;
; Mux33~4        ; 1              ;
; Mux25~13       ; 1              ;
; Mux20~7        ; 1              ;
; Mux20~6        ; 1              ;
; Mux24~7        ; 1              ;
; Mux24~6        ; 1              ;
; Mux24~4        ; 1              ;
; Mux24~3        ; 1              ;
; Mux24~2        ; 1              ;
; Mux24~1        ; 1              ;
; Mux33~3        ; 1              ;
; Mux33~2        ; 1              ;
; WideOr50~0     ; 1              ;
; Mux24~0        ; 1              ;
; WideOr47~0     ; 1              ;
; Mux20~3        ; 1              ;
; Mux20~2        ; 1              ;
; WideOr55~0     ; 1              ;
; Mux19~1        ; 1              ;
; Mux18~0        ; 1              ;
; ban_px~3       ; 1              ;
; ban_px~2       ; 1              ;
; wall_on~1      ; 1              ;
; ban_px~0       ; 1              ;
; ban_bg~4       ; 1              ;
; ban_bg~3       ; 1              ;
; ban_bg~2       ; 1              ;
; ban_bg~1       ; 1              ;
; ro~3           ; 1              ;
; always13~5     ; 1              ;
; always13~4     ; 1              ;
; Mux15~7        ; 1              ;
; Mux15~6        ; 1              ;
; Mux15~5        ; 1              ;
; Mux15~4        ; 1              ;
; Mux15~3        ; 1              ;
; ro~1           ; 1              ;
; cline_on~2     ; 1              ;
; cline_on~1     ; 1              ;
; cline_on~0     ; 1              ;
; LessThan48~1   ; 1              ;
; always13~2     ; 1              ;
; Mux16~4        ; 1              ;
; Decoder8~0     ; 1              ;
; Mux16~3        ; 1              ;
; Mux16~2        ; 1              ;
; Mux16~1        ; 1              ;
; always13~1     ; 1              ;
; Mux17~5        ; 1              ;
; Mux17~4        ; 1              ;
; Mux17~3        ; 1              ;
; Mux17~2        ; 1              ;
; Mux17~1        ; 1              ;
; Mux17~0        ; 1              ;
; LessThan47~1   ; 1              ;
; Mux13~52       ; 1              ;
; Mux13~51       ; 1              ;
; Mux13~50       ; 1              ;
; Mux13~49       ; 1              ;
; Mux13~48       ; 1              ;
; Mux13~47       ; 1              ;
; Mux13~46       ; 1              ;
; Mux13~45       ; 1              ;
; Mux13~44       ; 1              ;
; Mux13~42       ; 1              ;
; Mux13~41       ; 1              ;
; Mux13~40       ; 1              ;
; Mux13~39       ; 1              ;
; Mux13~38       ; 1              ;
; Mux13~37       ; 1              ;
; Mux13~36       ; 1              ;
; Mux13~35       ; 1              ;
; Mux11~4        ; 1              ;
; Mux11~3        ; 1              ;
; Mux11~2        ; 1              ;
; Mux13~34       ; 1              ;
; Mux13~33       ; 1              ;
; Mux7~2         ; 1              ;
; Mux7~1         ; 1              ;
; Mux13~32       ; 1              ;
; Mux13~31       ; 1              ;
; Mux13~30       ; 1              ;
; Mux13~29       ; 1              ;
; Mux13~28       ; 1              ;
; rdig_px~0      ; 1              ;
; LessThan43~1   ; 1              ;
; LessThan39~0   ; 1              ;
; LessThan37~0   ; 1              ;
; Mux6~36        ; 1              ;
; Mux6~35        ; 1              ;
; Mux6~34        ; 1              ;
; Mux6~33        ; 1              ;
; Mux6~32        ; 1              ;
; Mux6~31        ; 1              ;
; Mux0~2         ; 1              ;
; Mux0~1         ; 1              ;
; Mux4~4         ; 1              ;
; Mux4~3         ; 1              ;
; Mux4~2         ; 1              ;
; Mux6~30        ; 1              ;
; Mux6~29        ; 1              ;
; Mux6~28        ; 1              ;
; Mux6~27        ; 1              ;
; Mux6~26        ; 1              ;
; Mux6~25        ; 1              ;
; Mux6~23        ; 1              ;
; Equal1~0       ; 1              ;
; Mux6~22        ; 1              ;
; Mux6~21        ; 1              ;
; Mux6~20        ; 1              ;
; Mux6~19        ; 1              ;
; Mux6~18        ; 1              ;
; Mux6~17        ; 1              ;
; Mux6~16        ; 1              ;
; Mux6~15        ; 1              ;
; Mux6~14        ; 1              ;
; Mux1~1         ; 1              ;
; Mux2~5         ; 1              ;
; Mux1~0         ; 1              ;
; Mux2~4         ; 1              ;
; WideOr2~0      ; 1              ;
; WideOr6~0      ; 1              ;
; VGA_VS~1       ; 1              ;
; VGA_VS~0       ; 1              ;
; VGA_HS~1       ; 1              ;
; VGA_HS~0       ; 1              ;
; db_k3[19]~58   ; 1              ;
; db_k3[18]~57   ; 1              ;
; db_k3[18]~56   ; 1              ;
; db_k3[17]~55   ; 1              ;
; db_k3[17]~54   ; 1              ;
; db_k3[16]~53   ; 1              ;
; db_k3[16]~52   ; 1              ;
; db_k3[15]~51   ; 1              ;
; db_k3[15]~50   ; 1              ;
; db_k3[14]~49   ; 1              ;
; db_k3[14]~48   ; 1              ;
; db_k3[13]~47   ; 1              ;
; db_k3[13]~46   ; 1              ;
; db_k3[12]~45   ; 1              ;
; db_k3[12]~44   ; 1              ;
; db_k3[11]~43   ; 1              ;
; db_k3[11]~42   ; 1              ;
; db_k3[10]~41   ; 1              ;
; db_k3[10]~40   ; 1              ;
; db_k3[9]~39    ; 1              ;
; db_k3[9]~38    ; 1              ;
; db_k3[8]~37    ; 1              ;
; db_k3[8]~36    ; 1              ;
; db_k3[7]~35    ; 1              ;
; db_k3[7]~34    ; 1              ;
; db_k3[6]~33    ; 1              ;
; db_k3[6]~32    ; 1              ;
; db_k3[5]~31    ; 1              ;
; db_k3[5]~30    ; 1              ;
; db_k3[4]~29    ; 1              ;
; db_k3[4]~28    ; 1              ;
; db_k3[3]~27    ; 1              ;
; db_k3[3]~26    ; 1              ;
; db_k3[2]~25    ; 1              ;
; db_k3[2]~24    ; 1              ;
; db_k3[1]~23    ; 1              ;
; db_k3[1]~22    ; 1              ;
; db_k3[0]~21    ; 1              ;
; db_k3[0]~20    ; 1              ;
; db_k2[19]~58   ; 1              ;
; db_k2[18]~57   ; 1              ;
; db_k2[18]~56   ; 1              ;
; db_k2[17]~55   ; 1              ;
; db_k2[17]~54   ; 1              ;
; db_k2[16]~53   ; 1              ;
; db_k2[16]~52   ; 1              ;
; db_k2[15]~51   ; 1              ;
; db_k2[15]~50   ; 1              ;
; db_k2[14]~49   ; 1              ;
; db_k2[14]~48   ; 1              ;
; db_k2[13]~47   ; 1              ;
; db_k2[13]~46   ; 1              ;
; db_k2[12]~45   ; 1              ;
; db_k2[12]~44   ; 1              ;
; db_k2[11]~43   ; 1              ;
; db_k2[11]~42   ; 1              ;
; db_k2[10]~41   ; 1              ;
; db_k2[10]~40   ; 1              ;
; db_k2[9]~39    ; 1              ;
; db_k2[9]~38    ; 1              ;
; db_k2[8]~37    ; 1              ;
; db_k2[8]~36    ; 1              ;
; db_k2[7]~35    ; 1              ;
; db_k2[7]~34    ; 1              ;
; db_k2[6]~33    ; 1              ;
; db_k2[6]~32    ; 1              ;
; db_k2[5]~31    ; 1              ;
; db_k2[5]~30    ; 1              ;
; db_k2[4]~29    ; 1              ;
; db_k2[4]~28    ; 1              ;
; db_k2[3]~27    ; 1              ;
; db_k2[3]~26    ; 1              ;
; db_k2[2]~25    ; 1              ;
; db_k2[2]~24    ; 1              ;
; db_k2[1]~23    ; 1              ;
; db_k2[1]~22    ; 1              ;
; db_k2[0]~21    ; 1              ;
; db_k2[0]~20    ; 1              ;
; db_k1[19]~58   ; 1              ;
; db_k1[18]~57   ; 1              ;
; db_k1[18]~56   ; 1              ;
; db_k1[17]~55   ; 1              ;
; db_k1[17]~54   ; 1              ;
; db_k1[16]~53   ; 1              ;
; db_k1[16]~52   ; 1              ;
; db_k1[15]~51   ; 1              ;
; db_k1[15]~50   ; 1              ;
; db_k1[14]~49   ; 1              ;
; db_k1[14]~48   ; 1              ;
; db_k1[13]~47   ; 1              ;
; db_k1[13]~46   ; 1              ;
; db_k1[12]~45   ; 1              ;
; db_k1[12]~44   ; 1              ;
; db_k1[11]~43   ; 1              ;
; db_k1[11]~42   ; 1              ;
; db_k1[10]~41   ; 1              ;
; db_k1[10]~40   ; 1              ;
; db_k1[9]~39    ; 1              ;
; db_k1[9]~38    ; 1              ;
; db_k1[8]~37    ; 1              ;
; db_k1[8]~36    ; 1              ;
; db_k1[7]~35    ; 1              ;
; db_k1[7]~34    ; 1              ;
; db_k1[6]~33    ; 1              ;
; db_k1[6]~32    ; 1              ;
; db_k1[5]~31    ; 1              ;
; db_k1[5]~30    ; 1              ;
; db_k1[4]~29    ; 1              ;
; db_k1[4]~28    ; 1              ;
; db_k1[3]~27    ; 1              ;
; db_k1[3]~26    ; 1              ;
; db_k1[2]~25    ; 1              ;
; db_k1[2]~24    ; 1              ;
; db_k1[1]~23    ; 1              ;
; db_k1[1]~22    ; 1              ;
; db_k1[0]~21    ; 1              ;
; db_k1[0]~20    ; 1              ;
; db_k0[19]~58   ; 1              ;
; db_k0[18]~57   ; 1              ;
; db_k0[18]~56   ; 1              ;
; db_k0[17]~55   ; 1              ;
; db_k0[17]~54   ; 1              ;
; db_k0[16]~53   ; 1              ;
; db_k0[16]~52   ; 1              ;
; db_k0[15]~51   ; 1              ;
; db_k0[15]~50   ; 1              ;
; db_k0[14]~49   ; 1              ;
; db_k0[14]~48   ; 1              ;
; db_k0[13]~47   ; 1              ;
; db_k0[13]~46   ; 1              ;
; db_k0[12]~45   ; 1              ;
; db_k0[12]~44   ; 1              ;
; db_k0[11]~43   ; 1              ;
; db_k0[11]~42   ; 1              ;
; db_k0[10]~41   ; 1              ;
; db_k0[10]~40   ; 1              ;
; db_k0[9]~39    ; 1              ;
; db_k0[9]~38    ; 1              ;
; db_k0[8]~37    ; 1              ;
; db_k0[8]~36    ; 1              ;
; db_k0[7]~35    ; 1              ;
; db_k0[7]~34    ; 1              ;
; db_k0[6]~33    ; 1              ;
; db_k0[6]~32    ; 1              ;
; db_k0[5]~31    ; 1              ;
; db_k0[5]~30    ; 1              ;
; db_k0[4]~29    ; 1              ;
; db_k0[4]~28    ; 1              ;
; db_k0[3]~27    ; 1              ;
; db_k0[3]~26    ; 1              ;
; db_k0[2]~25    ; 1              ;
; db_k0[2]~24    ; 1              ;
; db_k0[1]~23    ; 1              ;
; db_k0[1]~22    ; 1              ;
; db_k0[0]~21    ; 1              ;
; db_k0[0]~20    ; 1              ;
; Add2~38        ; 1              ;
; Add2~37        ; 1              ;
; Add2~36        ; 1              ;
; Add2~35        ; 1              ;
; Add2~34        ; 1              ;
; Add2~33        ; 1              ;
; Add2~32        ; 1              ;
; Add2~31        ; 1              ;
; Add2~30        ; 1              ;
; Add2~29        ; 1              ;
; Add2~28        ; 1              ;
; Add2~27        ; 1              ;
; Add2~26        ; 1              ;
; Add2~25        ; 1              ;
; Add2~24        ; 1              ;
; Add2~23        ; 1              ;
; Add2~22        ; 1              ;
; Add2~21        ; 1              ;
; Add2~20        ; 1              ;
; Add2~19        ; 1              ;
; Add2~18        ; 1              ;
; Add2~17        ; 1              ;
; Add2~16        ; 1              ;
; Add2~15        ; 1              ;
; Add2~14        ; 1              ;
; Add2~13        ; 1              ;
; Add2~12        ; 1              ;
; Add2~11        ; 1              ;
; Add2~10        ; 1              ;
; Add2~9         ; 1              ;
; Add2~8         ; 1              ;
; Add2~7         ; 1              ;
; Add2~6         ; 1              ;
; Add2~5         ; 1              ;
; Add2~4         ; 1              ;
; Add2~3         ; 1              ;
; Add2~2         ; 1              ;
; Add2~1         ; 1              ;
; Add2~0         ; 1              ;
; db_sw[19]~58   ; 1              ;
; db_sw[18]~57   ; 1              ;
; db_sw[18]~56   ; 1              ;
; db_sw[17]~55   ; 1              ;
; db_sw[17]~54   ; 1              ;
; db_sw[16]~53   ; 1              ;
; db_sw[16]~52   ; 1              ;
; db_sw[15]~51   ; 1              ;
; db_sw[15]~50   ; 1              ;
; db_sw[14]~49   ; 1              ;
; db_sw[14]~48   ; 1              ;
; db_sw[13]~47   ; 1              ;
; db_sw[13]~46   ; 1              ;
; db_sw[12]~45   ; 1              ;
; db_sw[12]~44   ; 1              ;
; db_sw[11]~43   ; 1              ;
; db_sw[11]~42   ; 1              ;
; db_sw[10]~41   ; 1              ;
; db_sw[10]~40   ; 1              ;
; db_sw[9]~39    ; 1              ;
; db_sw[9]~38    ; 1              ;
; db_sw[8]~37    ; 1              ;
; db_sw[8]~36    ; 1              ;
; db_sw[7]~35    ; 1              ;
; db_sw[7]~34    ; 1              ;
; db_sw[6]~33    ; 1              ;
; db_sw[6]~32    ; 1              ;
; db_sw[5]~31    ; 1              ;
; db_sw[5]~30    ; 1              ;
; db_sw[4]~29    ; 1              ;
; db_sw[4]~28    ; 1              ;
; db_sw[3]~27    ; 1              ;
; db_sw[3]~26    ; 1              ;
; db_sw[2]~25    ; 1              ;
; db_sw[2]~24    ; 1              ;
; db_sw[1]~23    ; 1              ;
; db_sw[1]~22    ; 1              ;
; db_sw[0]~21    ; 1              ;
; db_sw[0]~20    ; 1              ;
+----------------+----------------+


+------------------------------------------------------+
; Other Routing Usage Summary                          ;
+-----------------------------+------------------------+
; Other Routing Resource Type ; Usage                  ;
+-----------------------------+------------------------+
; Block interconnects         ; 926 / 94,460 ( < 1 % ) ;
; C16 interconnects           ; 2 / 3,315 ( < 1 % )    ;
; C4 interconnects            ; 334 / 60,840 ( < 1 % ) ;
; Direct links                ; 255 / 94,460 ( < 1 % ) ;
; Global clocks               ; 1 / 16 ( 6 % )         ;
; Local interconnects         ; 497 / 33,216 ( 1 % )   ;
; R24 interconnects           ; 8 / 3,091 ( < 1 % )    ;
; R4 interconnects            ; 375 / 81,294 ( < 1 % ) ;
+-----------------------------+------------------------+


+----------------------------------------------------------------------------+
; LAB Logic Elements                                                         ;
+---------------------------------------------+------------------------------+
; Number of Logic Elements  (Average = 14.08) ; Number of LABs  (Total = 63) ;
+---------------------------------------------+------------------------------+
; 1                                           ; 1                            ;
; 2                                           ; 1                            ;
; 3                                           ; 0                            ;
; 4                                           ; 0                            ;
; 5                                           ; 0                            ;
; 6                                           ; 1                            ;
; 7                                           ; 0                            ;
; 8                                           ; 0                            ;
; 9                                           ; 0                            ;
; 10                                          ; 2                            ;
; 11                                          ; 4                            ;
; 12                                          ; 4                            ;
; 13                                          ; 3                            ;
; 14                                          ; 12                           ;
; 15                                          ; 1                            ;
; 16                                          ; 34                           ;
+---------------------------------------------+------------------------------+


+-------------------------------------------------------------------+
; LAB-wide Signals                                                  ;
+------------------------------------+------------------------------+
; LAB-wide Signals  (Average = 0.92) ; Number of LABs  (Total = 63) ;
+------------------------------------+------------------------------+
; 1 Clock                            ; 33                           ;
; 1 Clock enable                     ; 10                           ;
; 1 Sync. clear                      ; 9                            ;
; 1 Sync. load                       ; 5                            ;
; 2 Clock enables                    ; 1                            ;
+------------------------------------+------------------------------+


+-----------------------------------------------------------------------------+
; LAB Signals Sourced                                                         ;
+----------------------------------------------+------------------------------+
; Number of Signals Sourced  (Average = 15.54) ; Number of LABs  (Total = 63) ;
+----------------------------------------------+------------------------------+
; 0                                            ; 0                            ;
; 1                                            ; 1                            ;
; 2                                            ; 4                            ;
; 3                                            ; 3                            ;
; 4                                            ; 1                            ;
; 5                                            ; 2                            ;
; 6                                            ; 0                            ;
; 7                                            ; 2                            ;
; 8                                            ; 0                            ;
; 9                                            ; 1                            ;
; 10                                           ; 1                            ;
; 11                                           ; 1                            ;
; 12                                           ; 2                            ;
; 13                                           ; 2                            ;
; 14                                           ; 3                            ;
; 15                                           ; 1                            ;
; 16                                           ; 13                           ;
; 17                                           ; 2                            ;
; 18                                           ; 1                            ;
; 19                                           ; 1                            ;
; 20                                           ; 2                            ;
; 21                                           ; 2                            ;
; 22                                           ; 3                            ;
; 23                                           ; 3                            ;
; 24                                           ; 5                            ;
; 25                                           ; 4                            ;
; 26                                           ; 1                            ;
; 27                                           ; 2                            ;
+----------------------------------------------+------------------------------+


+--------------------------------------------------------------------------------+
; LAB Signals Sourced Out                                                        ;
+-------------------------------------------------+------------------------------+
; Number of Signals Sourced Out  (Average = 6.35) ; Number of LABs  (Total = 63) ;
+-------------------------------------------------+------------------------------+
; 0                                               ; 0                            ;
; 1                                               ; 6                            ;
; 2                                               ; 10                           ;
; 3                                               ; 6                            ;
; 4                                               ; 3                            ;
; 5                                               ; 7                            ;
; 6                                               ; 5                            ;
; 7                                               ; 7                            ;
; 8                                               ; 1                            ;
; 9                                               ; 2                            ;
; 10                                              ; 3                            ;
; 11                                              ; 2                            ;
; 12                                              ; 2                            ;
; 13                                              ; 3                            ;
; 14                                              ; 2                            ;
; 15                                              ; 3                            ;
; 16                                              ; 1                            ;
+-------------------------------------------------+------------------------------+


+-----------------------------------------------------------------------------+
; LAB Distinct Inputs                                                         ;
+----------------------------------------------+------------------------------+
; Number of Distinct Inputs  (Average = 13.65) ; Number of LABs  (Total = 63) ;
+----------------------------------------------+------------------------------+
; 0                                            ; 0                            ;
; 1                                            ; 0                            ;
; 2                                            ; 0                            ;
; 3                                            ; 2                            ;
; 4                                            ; 4                            ;
; 5                                            ; 5                            ;
; 6                                            ; 4                            ;
; 7                                            ; 5                            ;
; 8                                            ; 2                            ;
; 9                                            ; 0                            ;
; 10                                           ; 1                            ;
; 11                                           ; 6                            ;
; 12                                           ; 1                            ;
; 13                                           ; 3                            ;
; 14                                           ; 1                            ;
; 15                                           ; 2                            ;
; 16                                           ; 2                            ;
; 17                                           ; 5                            ;
; 18                                           ; 3                            ;
; 19                                           ; 0                            ;
; 20                                           ; 3                            ;
; 21                                           ; 3                            ;
; 22                                           ; 2                            ;
; 23                                           ; 1                            ;
; 24                                           ; 4                            ;
; 25                                           ; 1                            ;
; 26                                           ; 0                            ;
; 27                                           ; 0                            ;
; 28                                           ; 2                            ;
; 29                                           ; 1                            ;
+----------------------------------------------+------------------------------+


+-------------------------------------------------------------------------+
; Fitter Device Options                                                   ;
+----------------------------------------------+--------------------------+
; Option                                       ; Setting                  ;
+----------------------------------------------+--------------------------+
; Enable user-supplied start-up clock (CLKUSR) ; Off                      ;
; Enable device-wide reset (DEV_CLRn)          ; Off                      ;
; Enable device-wide output enable (DEV_OE)    ; Off                      ;
; Enable INIT_DONE output                      ; Off                      ;
; Configuration scheme                         ; Active Serial            ;
; Error detection CRC                          ; Off                      ;
; nCEO                                         ; As output driving ground ;
; ASDO,nCSO                                    ; As input tri-stated      ;
; Reserve all unused pins                      ; As output driving ground ;
; Base pin-out file on sameframe device        ; Off                      ;
+----------------------------------------------+--------------------------+


+------------------------------------+
; Operating Settings and Conditions  ;
+---------------------------+--------+
; Setting                   ; Value  ;
+---------------------------+--------+
; Nominal Core Voltage      ; 1.20 V ;
; Low Junction Temperature  ; 0 °C   ;
; High Junction Temperature ; 85 °C  ;
+---------------------------+--------+


+-----------------+
; Fitter Messages ;
+-----------------+
Warning (20028): Parallel compilation is not licensed and has been disabled
Info (119006): Selected device EP2C35F672C6 for design "vga_pong"
Info (21077): Low junction temperature is 0 degrees C
Info (21077): High junction temperature is 85 degrees C
Info (171003): Fitter is performing an Auto Fit compilation, which may decrease Fitter effort to reduce compilation time
Warning (292013): Feature LogicLock is only available with a valid subscription license. You can purchase a software subscription to gain full access to this feature.
Info (176444): Device migration not selected. If you intend to use device migration later, you may need to change the pin assignments as they may be incompatible with other devices
    Info (176445): Device EP2C50F672C6 is compatible
    Info (176445): Device EP2C70F672C6 is compatible
Info (169124): Fitter converted 3 user pins into dedicated programming pins
    Info (169125): Pin ~ASDO~ is reserved at location E3
    Info (169125): Pin ~nCSO~ is reserved at location D3
    Info (169125): Pin ~LVDS150p/nCEO~ is reserved at location AE24
Critical Warning (332012): Synopsys Design Constraints File file not found: 'vga_pong.sdc'. A Synopsys Design Constraints File is required by the TimeQuest Timing Analyzer to get proper timing constraints. Without it, the Compiler will not properly optimize the design.
Info (332144): No user constrained base clocks found in the design
Info (332130): Timing requirements not specified -- quality metrics such as performance may be sacrificed to reduce compilation time.
Info (176353): Automatically promoted node CLOCK_50 (placed in PIN N2 (CLK0, LVDSCLK0p, Input))
    Info (176355): Automatically promoted destinations to use location or clock signal Global Clock CLKCTRL_G2
Info (176233): Starting register packing
Info (176235): Finished register packing
    Extra Info (176219): No registers were packed into other blocks
Info (171121): Fitter preparation operations ending: elapsed time is 00:00:00
Info (170189): Fitter placement preparation operations beginning
Info (170190): Fitter placement preparation operations ending: elapsed time is 00:00:00
Info (170191): Fitter placement operations beginning
Info (170137): Fitter placement was successful
Info (170192): Fitter placement operations ending: elapsed time is 00:00:01
Info (170193): Fitter routing operations beginning
Info (170195): Router estimated average interconnect usage is 0% of the available device resources
    Info (170196): Router estimated peak interconnect usage is 2% of the available device resources in the region that extends from location X33_Y24 to location X43_Y36
Info (170194): Fitter routing operations ending: elapsed time is 00:00:01
Info (170199): The Fitter performed an Auto Fit compilation.  Optimizations were skipped to reduce compilation time.
    Info (170201): Optimizations that may affect the design's routability were skipped
Info (11888): Total time spent on timing analysis during the Fitter is 0.36 seconds.
Info (306004): Started post-fitting delay annotation
Warning (306006): Found 29 output pins without output pin load capacitance assignment
    Info (306007): Pin "VGA_CLK" has no specified output pin load capacitance -- assuming default load capacitance of 0 pF for timing analysis
    Info (306007): Pin "VGA_HS" has no specified output pin load capacitance -- assuming default load capacitance of 0 pF for timing analysis
    Info (306007): Pin "VGA_VS" has no specified output pin load capacitance -- assuming default load capacitance of 0 pF for timing analysis
    Info (306007): Pin "VGA_BLANK_N" has no specified output pin load capacitance -- assuming default load capacitance of 0 pF for timing analysis
    Info (306007): Pin "VGA_SYNC_N" has no specified output pin load capacitance -- assuming default load capacitance of 0 pF for timing analysis
    Info (306007): Pin "VGA_R[0]" has no specified output pin load capacitance -- assuming default load capacitance of 0 pF for timing analysis
    Info (306007): Pin "VGA_R[1]" has no specified output pin load capacitance -- assuming default load capacitance of 0 pF for timing analysis
    Info (306007): Pin "VGA_R[2]" has no specified output pin load capacitance -- assuming default load capacitance of 0 pF for timing analysis
    Info (306007): Pin "VGA_R[3]" has no specified output pin load capacitance -- assuming default load capacitance of 0 pF for timing analysis
    Info (306007): Pin "VGA_R[4]" has no specified output pin load capacitance -- assuming default load capacitance of 0 pF for timing analysis
    Info (306007): Pin "VGA_R[5]" has no specified output pin load capacitance -- assuming default load capacitance of 0 pF for timing analysis
    Info (306007): Pin "VGA_R[6]" has no specified output pin load capacitance -- assuming default load capacitance of 0 pF for timing analysis
    Info (306007): Pin "VGA_R[7]" has no specified output pin load capacitance -- assuming default load capacitance of 0 pF for timing analysis
    Info (306007): Pin "VGA_G[0]" has no specified output pin load capacitance -- assuming default load capacitance of 0 pF for timing analysis
    Info (306007): Pin "VGA_G[1]" has no specified output pin load capacitance -- assuming default load capacitance of 0 pF for timing analysis
    Info (306007): Pin "VGA_G[2]" has no specified output pin load capacitance -- assuming default load capacitance of 0 pF for timing analysis
    Info (306007): Pin "VGA_G[3]" has no specified output pin load capacitance -- assuming default load capacitance of 0 pF for timing analysis
    Info (306007): Pin "VGA_G[4]" has no specified output pin load capacitance -- assuming default load capacitance of 0 pF for timing analysis
    Info (306007): Pin "VGA_G[5]" has no specified output pin load capacitance -- assuming default load capacitance of 0 pF for timing analysis
    Info (306007): Pin "VGA_G[6]" has no specified output pin load capacitance -- assuming default load capacitance of 0 pF for timing analysis
    Info (306007): Pin "VGA_G[7]" has no specified output pin load capacitance -- assuming default load capacitance of 0 pF for timing analysis
    Info (306007): Pin "VGA_B[0]" has no specified output pin load capacitance -- assuming default load capacitance of 0 pF for timing analysis
    Info (306007): Pin "VGA_B[1]" has no specified output pin load capacitance -- assuming default load capacitance of 0 pF for timing analysis
    Info (306007): Pin "VGA_B[2]" has no specified output pin load capacitance -- assuming default load capacitance of 0 pF for timing analysis
    Info (306007): Pin "VGA_B[3]" has no specified output pin load capacitance -- assuming default load capacitance of 0 pF for timing analysis
    Info (306007): Pin "VGA_B[4]" has no specified output pin load capacitance -- assuming default load capacitance of 0 pF for timing analysis
    Info (306007): Pin "VGA_B[5]" has no specified output pin load capacitance -- assuming default load capacitance of 0 pF for timing analysis
    Info (306007): Pin "VGA_B[6]" has no specified output pin load capacitance -- assuming default load capacitance of 0 pF for timing analysis
    Info (306007): Pin "VGA_B[7]" has no specified output pin load capacitance -- assuming default load capacitance of 0 pF for timing analysis
Info (306005): Delay annotation completed successfully
Info (306004): Started post-fitting delay annotation
Info (306005): Delay annotation completed successfully
Info (11218): Fitter post-fit operations ending: elapsed time is 00:00:00
Warning (169174): The Reserve All Unused Pins setting has not been specified, and will default to 'As output driving ground'.
Info (144001): Generated suppressed messages file C:/Users/Gold/Documents/VLSI_trainning/Fpga/miniproject/output_files/vga_pong.fit.smsg
Info: Quartus II 64-Bit Fitter was successful. 0 errors, 5 warnings
    Info: Peak virtual memory: 4937 megabytes
    Info: Processing ended: Thu May 07 18:17:22 2026
    Info: Elapsed time: 00:00:10
    Info: Total CPU time (on all processors): 00:00:08


+----------------------------+
; Fitter Suppressed Messages ;
+----------------------------+
The suppressed messages can be found in C:/Users/Gold/Documents/VLSI_trainning/Fpga/miniproject/output_files/vga_pong.fit.smsg.


